;name;dataset;size;train_index;anomalous;events;anomaly_rate;first
0;001_NAB_id_1_Facility_tr_1007_1st_2014;NAB;4031;1007;343;6;0.08509054825105433;2014
1;002_NAB_id_2_WebService_tr_1500_1st_4106;NAB;6000;1500;637;3;0.10616666666666667;4106
2;003_NAB_id_3_WebService_tr_1362_1st_1462;NAB;15852;1362;1523;7;0.09607620489528135;1462
3;004_NAB_id_4_Facility_tr_1007_1st_1437;NAB;4031;1007;402;3;0.09972711485983626;1437
4;005_NAB_id_5_Traffic_tr_594_1st_1645;NAB;2379;594;238;3;0.10004203446826397;1645
5;006_NAB_id_6_Traffic_tr_2579_1st_5839;NAB;10319;2579;1030;11;0.09981587363116581;5839
6;007_NAB_id_7_Traffic_tr_624_1st_2087;NAB;2499;624;248;5;0.09923969587835134;2087
7;008_NAB_id_8_Synthetic_tr_1007_1st_2734;NAB;4031;1007;402;3;0.09972711485983626;2734
8;009_NAB_id_9_Traffic_tr_500_1st_438;NAB;2161;500;216;3;0.0999537251272559;438
9;010_NAB_id_10_WebService_tr_500_1st_271;NAB;1000;500;148;6;0.148;271
10;011_NAB_id_11_Facility_tr_1007_1st_1526;NAB;4031;1007;474;3;0.11758868767055321;1526
11;012_NAB_id_12_Synthetic_tr_1007_1st_2787;NAB;4031;1007;513;3;0.12726370627635822;2787
12;013_NAB_id_13_Traffic_tr_623_1st_2084;NAB;2494;623;248;5;0.09943865276663993;2084
13;014_NAB_id_14_WebService_tr_500_1st_1045;NAB;1537;500;152;3;0.0988939492517892;1045
14;015_NAB_id_15_Synthetic_tr_1007_1st_2787;NAB;4031;1007;513;3;0.12726370627635822;2787
15;016_NAB_id_16_Environment_tr_1816_1st_3540;NAB;7266;1816;724;5;0.09964216900633086;3540
16;017_NAB_id_17_Synthetic_tr_1007_1st_1805;NAB;4031;1007;402;3;0.09972711485983626;1805
17;018_NAB_id_18_Facility_tr_500_1st_669;NAB;1881;500;188;5;0.09994683678894205;669
18;019_NAB_id_19_Facility_tr_1007_1st_1171;NAB;4031;1007;400;5;0.09923096005953858;1171
19;020_NAB_id_20_Synthetic_tr_1007_1st_2679;NAB;4031;1007;621;3;0.15405606549243364;2679
20;021_NAB_id_21_WebService_tr_500_1st_565;NAB;1623;500;160;5;0.09858287122612445;565
21;022_NAB_id_22_Facility_tr_1007_1st_2980;NAB;4031;1007;520;5;0.12900024807740015;2980
22;023_NAB_id_23_Facility_tr_4512_1st_16551;NAB;18049;4512;1498;2;0.0829962878829852;16551
23;024_NAB_id_24_Synthetic_tr_1007_1st_2787;NAB;4031;1007;513;3;0.12726370627635822;2787
24;025_NAB_id_25_WebService_tr_3958_1st_4614;NAB;15832;3958;1580;5;0.0997978777160182;4614
25;026_NAB_id_26_Traffic_tr_624_1st_2261;NAB;2499;624;238;2;0.09523809523809523;2261
26;027_NAB_id_27_Facility_tr_757_1st_2582;NAB;3031;757;200;3;0.06598482349059716;2582
27;028_NAB_id_28_Facility_tr_1007_1st_3447;NAB;4031;1007;430;3;0.10667328206400396;3447
28;029_WSD_id_1_WebService_tr_4559_1st_10201;WSD;18236;4559;26;3;0.0014257512612415003;10201
29;030_WSD_id_2_WebService_tr_4499_1st_4599;WSD;18084;4499;88;15;0.004866180048661801;4599
30;031_WSD_id_3_WebService_tr_826_1st_926;WSD;18236;826;39;3;0.0021386268918622505;926
31;032_WSD_id_4_WebService_tr_4559_1st_11822;WSD;10686;4559;32;5;0.0029945723376380313;11822
32;033_WSD_id_5_WebService_tr_4559_1st_12588;WSD;18236;4559;14;3;0.0007677122175915771;12588
33;034_WSD_id_6_WebService_tr_4559_1st_8461;WSD;18236;4559;188;9;0.010309278350515464;8461
34;035_WSD_id_7_WebService_tr_4555_1st_11911;WSD;18220;4555;32;7;0.001756311745334797;11911
35;036_WSD_id_8_WebService_tr_4504_1st_6898;WSD;18016;4504;6;5;0.0003330373001776199;6898
36;037_WSD_id_9_WebService_tr_4583_1st_6214;WSD;18334;4583;46;7;0.002508999672739173;6214
37;038_WSD_id_10_WebService_tr_4042_1st_4142;WSD;18084;4042;66;13;0.0036496350364963502;4142
38;039_WSD_id_11_WebService_tr_1746_1st_1846;WSD;18219;1746;132;15;0.0072451835995389425;1846
39;040_WSD_id_12_WebService_tr_4559_1st_9714;WSD;18236;4559;41;9;0.0022483000658039044;9714
40;041_WSD_id_13_WebService_tr_4296_1st_5196;WSD;17186;4296;156;15;0.009077155824508321;5196
41;042_WSD_id_14_WebService_tr_3015_1st_3115;WSD;18308;3015;121;25;0.006609132619619838;3115
42;043_WSD_id_15_WebService_tr_4521_1st_6828;WSD;18085;4521;6;5;0.00033176665745092616;6828
43;044_WSD_id_16_WebService_tr_4559_1st_6975;WSD;18236;4559;32;3;0.001754770783066462;6975
44;045_WSD_id_17_WebService_tr_2566_1st_2666;WSD;18236;2566;6;5;0.0003290195218249616;2666
45;046_WSD_id_18_WebService_tr_2357_1st_2457;WSD;18220;2357;130;23;0.007135016465422613;2457
46;047_WSD_id_19_WebService_tr_4559_1st_16362;WSD;18236;4559;14;3;0.0007677122175915771;16362
47;048_WSD_id_20_WebService_tr_4559_1st_11813;WSD;18236;4559;53;5;0.0029063391094538275;11813
48;049_WSD_id_21_WebService_tr_4297_1st_7097;WSD;17189;4297;31;7;0.0018034789691081506;7097
49;050_WSD_id_22_WebService_tr_4559_1st_12816;WSD;18236;4559;23;3;0.0012612415003290195;12816
50;051_WSD_id_23_WebService_tr_3919_1st_5154;WSD;15676;3919;60;9;0.003827507017096198;5154
51;052_WSD_id_24_WebService_tr_4559_1st_9102;WSD;18236;4559;34;5;0.001864443957008116;9102
52;053_WSD_id_25_WebService_tr_4559_1st_9198;WSD;18236;4559;13;3;0.0007128756306207501;9198
53;054_WSD_id_26_WebService_tr_2409_1st_2509;WSD;18391;2409;66;11;0.003588711869936382;2509
54;055_WSD_id_27_WebService_tr_3768_1st_3868;WSD;18191;3768;103;17;0.005662140618987411;3868
55;056_WSD_id_28_WebService_tr_4559_1st_9689;WSD;18236;4559;38;3;0.0020837903048914236;9689
56;057_WSD_id_29_WebService_tr_2229_1st_2329;WSD;18236;2229;29;3;0.001590261022153981;2329
57;058_WSD_id_30_WebService_tr_1136_1st_1236;WSD;18236;1136;8;3;0.0004386926957666155;1236
58;059_WSD_id_31_WebService_tr_4559_1st_9058;WSD;18236;4559;25;3;0.0013709146742706734;9058
59;060_WSD_id_32_WebService_tr_4576_1st_4766;WSD;18305;4576;102;17;0.005572248019666758;4766
60;061_WSD_id_33_WebService_tr_4559_1st_9722;WSD;18236;4559;30;7;0.001645097609124808;9722
61;062_WSD_id_34_WebService_tr_3371_1st_3471;WSD;18236;3371;160;33;0.00877385391533231;3471
62;063_WSD_id_35_WebService_tr_2290_1st_2390;WSD;18236;2290;67;7;0.003674051327045405;2390
63;064_WSD_id_36_WebService_tr_4559_1st_10195;WSD;18236;4559;25;3;0.0013709146742706734;10195
64;065_WSD_id_37_WebService_tr_3451_1st_3551;WSD;18236;3451;199;5;0.01091248080719456;3551
65;066_WSD_id_38_WebService_tr_3320_1st_3420;WSD;18302;3320;112;17;0.006119549775980767;3420
66;067_WSD_id_39_WebService_tr_4559_1st_13973;WSD;18236;4559;48;3;0.002632156174599693;13973
67;068_WSD_id_40_WebService_tr_4549_1st_13322;WSD;18197;4549;29;5;0.001593669286146068;13322
68;069_WSD_id_41_WebService_tr_4548_1st_13988;WSD;18192;4548;13;3;0.0007145998240985048;13988
69;070_WSD_id_42_WebService_tr_2102_1st_2202;WSD;11686;2102;79;13;0.006760225911346911;2202
70;071_WSD_id_43_WebService_tr_3387_1st_3487;WSD;18236;3387;2095;15;0.11488264970388243;3487
71;072_WSD_id_44_WebService_tr_1691_1st_1791;WSD;12500;1691;187;9;0.01496;1791
72;073_WSD_id_45_WebService_tr_3392_1st_3492;WSD;15000;3392;268;5;0.017866666666666666;3492
73;074_WSD_id_46_WebService_tr_990_1st_1090;WSD;18236;990;290;43;0.015902610221539812;1090
74;075_WSD_id_47_WebService_tr_3296_1st_3468;WSD;13186;3296;35;9;0.002654330350371606;3468
75;076_WSD_id_48_WebService_tr_3821_1st_7083;WSD;15285;3821;9;5;0.0005888125613346418;7083
76;077_WSD_id_49_WebService_tr_3310_1st_3716;WSD;13243;3310;59;13;0.0044551838707241566;3716
77;078_WSD_id_50_WebService_tr_2449_1st_2549;WSD;18381;2449;73;13;0.003971492301833415;2549
78;079_WSD_id_51_WebService_tr_4559_1st_10672;WSD;18236;4559;27;5;0.0014805878482123272;10672
79;080_WSD_id_52_WebService_tr_1538_1st_1638;WSD;18307;1538;96;31;0.005243895777571421;1638
80;081_WSD_id_53_WebService_tr_4559_1st_8448;WSD;18236;4559;204;7;0.011186663742048695;8448
81;082_WSD_id_54_WebService_tr_4437_1st_4805;WSD;17748;4437;141;11;0.007944557133198107;4805
82;083_WSD_id_55_WebService_tr_4599_1st_4863;WSD;18397;4599;616;5;0.03348372017176714;4863
83;084_WSD_id_56_WebService_tr_4559_1st_9616;WSD;18236;4559;63;3;0.0034547049791620967;9616
84;085_WSD_id_57_WebService_tr_780_1st_880;WSD;15403;780;203;49;0.013179250795299618;880
85;086_WSD_id_58_WebService_tr_4436_1st_9529;WSD;17746;4436;23;9;0.0012960667192606784;9529
86;087_WSD_id_59_WebService_tr_4559_1st_12600;WSD;18236;4559;11;3;0.0006032024566790963;12600
87;088_WSD_id_60_WebService_tr_4548_1st_5596;WSD;18193;4548;59;9;0.0032430055515857746;5596
88;089_WSD_id_61_WebService_tr_1010_1st_1110;WSD;17429;1010;241;45;0.013827528831258248;1110
89;090_WSD_id_62_WebService_tr_2281_1st_2381;WSD;13236;2281;150;23;0.011332728921124207;2381
90;091_WSD_id_63_WebService_tr_500_1st_363;WSD;18230;500;158;21;0.008667032364234778;363
91;092_WSD_id_64_WebService_tr_500_1st_118;WSD;18242;500;43;11;0.002357197675693455;118
92;093_WSD_id_65_WebService_tr_1125_1st_1225;WSD;18179;1125;177;23;0.009736509158919632;1225
93;094_WSD_id_66_WebService_tr_3309_1st_3914;WSD;13237;3309;35;7;0.0026441036488630354;3914
94;095_WSD_id_67_WebService_tr_2182_1st_2282;WSD;18236;2182;14;3;0.0007677122175915771;2282
95;096_WSD_id_68_WebService_tr_1341_1st_1441;WSD;10744;1341;33;7;0.003071481757259866;1441
96;097_WSD_id_69_WebService_tr_4520_1st_6465;WSD;18083;4520;44;9;0.002433224575568213;6465
97;098_WSD_id_70_WebService_tr_3575_1st_3675;WSD;18236;3575;9;7;0.0004935292827374424;3675
98;099_WSD_id_71_WebService_tr_4559_1st_14411;WSD;18236;4559;41;5;0.0022483000658039044;14411
99;100_WSD_id_72_WebService_tr_4559_1st_10254;WSD;18236;4559;50;9;0.0027418293485413467;10254
100;101_WSD_id_73_WebService_tr_1513_1st_1613;WSD;18236;1513;71;3;0.0038933976749287126;1613
101;102_WSD_id_74_WebService_tr_3306_1st_3639;WSD;13227;3306;29;7;0.0021924850684206547;3639
102;103_WSD_id_75_WebService_tr_1375_1st_1475;WSD;18179;1375;107;9;0.005885912316409043;1475
103;104_WSD_id_76_WebService_tr_3047_1st_3147;WSD;18084;3047;128;25;0.007078080070780801;3147
104;105_WSD_id_77_WebService_tr_2348_1st_2448;WSD;18380;2348;96;19;0.005223068552774755;2448
105;106_WSD_id_78_WebService_tr_3363_1st_3463;WSD;18236;3363;221;7;0.012118885720552752;3463
106;107_WSD_id_79_WebService_tr_1095_1st_1195;WSD;18236;1095;326;13;0.01787672735248958;1195
107;108_WSD_id_80_WebService_tr_2368_1st_2468;WSD;18220;2368;193;31;0.010592755214050493;2468
108;109_WSD_id_81_WebService_tr_3175_1st_3275;WSD;18058;3175;65;17;0.003599512681360062;3275
109;110_WSD_id_82_WebService_tr_500_1st_375;WSD;18236;500;182;7;0.009980258828690502;375
110;111_WSD_id_83_WebService_tr_3934_1st_7531;WSD;15736;3934;3;3;0.00019064565327910524;7531
111;112_WSD_id_84_WebService_tr_2442_1st_2542;WSD;18380;2442;63;13;0.003427638737758433;2542
112;113_WSD_id_85_WebService_tr_500_1st_335;WSD;18242;500;113;17;0.006194496217520009;335
113;114_WSD_id_86_WebService_tr_500_1st_403;WSD;18243;500;83;17;0.004549690292166859;403
114;115_WSD_id_87_WebService_tr_2252_1st_2352;WSD;18214;2252;181;29;0.009937410782914241;2352
115;116_WSD_id_88_WebService_tr_3934_1st_13861;WSD;15736;3934;5;3;0.00031774275546517537;13861
116;117_WSD_id_89_WebService_tr_3251_1st_3351;WSD;16376;3251;3;3;0.00018319491939423546;3351
117;118_WSD_id_90_WebService_tr_4559_1st_6317;WSD;18236;4559;3;3;0.0001645097609124808;6317
118;119_WSD_id_91_WebService_tr_4559_1st_12353;WSD;18236;4559;34;3;0.001864443957008116;12353
119;120_WSD_id_92_WebService_tr_2329_1st_2429;WSD;17438;2329;95;19;0.005447872462438353;2429
120;121_WSD_id_93_WebService_tr_4559_1st_11749;WSD;18236;4559;43;7;0.0023579732397455582;11749
121;122_WSD_id_94_WebService_tr_4559_1st_8618;WSD;18236;4559;56;5;0.0030708488703663083;8618
122;123_WSD_id_95_WebService_tr_4559_1st_4901;WSD;18236;4559;36;13;0.0019741171309497698;4901
123;124_WSD_id_96_WebService_tr_4559_1st_14350;WSD;18236;4559;10;3;0.0005483658697082694;14350
124;125_WSD_id_97_WebService_tr_2217_1st_2317;WSD;18250;2217;162;21;0.008876712328767123;2317
125;126_WSD_id_98_WebService_tr_657_1st_757;WSD;18883;657;252;59;0.013345337075676535;757
126;127_WSD_id_99_WebService_tr_1164_1st_1264;WSD;18190;1164;117;23;0.006432105552501374;1264
127;128_WSD_id_100_WebService_tr_4068_1st_4168;WSD;18236;4068;200;9;0.010967317394165387;4168
128;129_WSD_id_101_WebService_tr_4448_1st_9592;WSD;17794;4448;20;7;0.0011239743733842868;9592
129;130_WSD_id_102_WebService_tr_2362_1st_2462;WSD;18236;2362;195;19;0.010693134459311252;2462
130;131_WSD_id_103_WebService_tr_4573_1st_7021;WSD;18294;4573;13;3;0.0007106155023504974;7021
131;132_WSD_id_104_WebService_tr_4037_1st_4137;WSD;18236;4037;46;5;0.002522483000658039;4137
132;133_WSD_id_105_WebService_tr_3934_1st_5937;WSD;15736;3934;15;3;0.0009532282663955262;5937
133;134_WSD_id_106_WebService_tr_4559_1st_7990;WSD;18236;4559;106;7;0.005812678218907655;7990
134;135_WSD_id_107_WebService_tr_3779_1st_3879;WSD;15506;3779;50;9;0.0032245582355217334;3879
135;136_WSD_id_108_WebService_tr_3414_1st_3514;WSD;18236;3414;183;17;0.010035095415661329;3514
136;137_WSD_id_109_WebService_tr_4559_1st_14404;WSD;18236;4559;59;5;0.003235358631278789;14404
137;138_WSD_id_110_WebService_tr_4584_1st_6039;WSD;18336;4584;13;3;0.0007089877835951134;6039
138;139_WSD_id_111_WebService_tr_1701_1st_1801;WSD;18381;1701;87;17;0.004733148359719276;1801
139;140_MSL_id_1_Sensor_tr_530_1st_630;MSL;2430;530;121;3;0.04979423868312757;630
140;141_MSL_id_2_Sensor_tr_500_1st_550;MSL;2264;500;312;5;0.13780918727915195;550
141;142_MSL_id_3_Sensor_tr_1525_1st_4575;MSL;6100;1525;181;3;0.029672131147540984;4575
142;143_MSL_id_4_Sensor_tr_980_1st_3550;MSL;3922;980;151;3;0.038500764915859256;3550
143;144_MSL_id_5_Sensor_tr_1525_1st_4590;MSL;6100;1525;131;3;0.021475409836065575;4590
144;145_MSL_id_6_Sensor_tr_530_1st_630;MSL;2430;530;121;3;0.04979423868312757;630
145;146_MSL_id_7_Sensor_tr_554_1st_1172;MSL;2217;554;69;3;0.03112313937753721;1172
146;147_MSL_id_8_Sensor_tr_590_1st_690;MSL;2430;590;252;5;0.1037037037037037;690
147;148_MSL_id_9_Sensor_tr_883_1st_1238;MSL;3535;883;228;5;0.0644978783592645;1238
148;149_Stock_id_1_Finance_tr_500_1st_7;Stock;20000;500;981;1863;0.04905;7
149;150_Stock_id_2_Finance_tr_500_1st_7;Stock;10000;500;1409;2441;0.1409;7
150;151_Stock_id_3_Finance_tr_500_1st_62;Stock;10000;500;487;927;0.0487;62
151;152_Stock_id_4_Finance_tr_500_1st_2;Stock;20000;500;2809;4907;0.14045;2
152;153_Stock_id_5_Finance_tr_500_1st_1;Stock;10000;500;483;913;0.0483;1
153;154_Stock_id_6_Finance_tr_500_1st_38;Stock;20000;500;975;1823;0.04875;38
154;155_Stock_id_7_Finance_tr_500_1st_18;Stock;20000;500;973;1849;0.04865;18
155;156_Stock_id_8_Finance_tr_500_1st_24;Stock;10000;500;485;915;0.0485;24
156;157_Stock_id_9_Finance_tr_500_1st_19;Stock;10000;500;1392;2401;0.1392;19
157;158_Stock_id_10_Finance_tr_500_1st_2;Stock;20000;500;977;1841;0.04885;2
158;159_Stock_id_11_Finance_tr_500_1st_5;Stock;20000;500;2792;4799;0.1396;5
159;160_Stock_id_12_Finance_tr_500_1st_14;Stock;20000;500;981;1869;0.04905;14
160;161_Stock_id_13_Finance_tr_500_1st_3;Stock;10000;500;492;929;0.0492;3
161;162_Stock_id_14_Finance_tr_500_1st_4;Stock;10000;500;1380;2399;0.138;4
162;163_Stock_id_15_Finance_tr_500_1st_3;Stock;10000;500;1397;2358;0.1397;3
163;164_Stock_id_16_Finance_tr_500_1st_8;Stock;20000;500;2775;4743;0.13875;8
164;165_Stock_id_17_Finance_tr_500_1st_7;Stock;20000;500;2798;4761;0.1399;7
165;166_Stock_id_18_Finance_tr_500_1st_18;Stock;20000;500;2797;4803;0.13985;18
166;167_Stock_id_19_Finance_tr_500_1st_7;Stock;10000;500;488;937;0.0488;7
167;168_Stock_id_20_Finance_tr_500_1st_1;Stock;10000;500;1395;2417;0.1395;1
168;169_Daphnet_id_1_HumanActivity_tr_9693_1st_20732;Daphnet;38774;9693;2306;13;0.05947284262650229;20732
169;170_MITDB_id_1_Medical_tr_17675_1st_17775;MITDB;500000;17675;22845;99;0.04569;17775
170;171_MITDB_id_2_Medical_tr_50000_1st_88864;MITDB;650000;50000;19657;85;0.030241538461538462;88864
171;172_MITDB_id_3_Medical_tr_27274_1st_27374;MITDB;650000;27274;18109;55;0.02786;27374
172;173_MITDB_id_4_Medical_tr_13620_1st_13720;MITDB;650000;13620;66682;399;0.10258769230769231;13720
173;174_MITDB_id_5_Medical_tr_50000_1st_539948;MITDB;650000;50000;574;5;0.0008830769230769231;539948
174;175_MITDB_id_6_Medical_tr_27274_1st_27374;MITDB;650000;27274;18109;55;0.02786;27374
175;176_MITDB_id_7_Medical_tr_6232_1st_6332;MITDB;650000;6232;38272;289;0.05888;6332
176;177_MITDB_id_8_Medical_tr_17675_1st_17775;MITDB;650000;17675;27124;121;0.04172923076923077;17775
177;178_SMD_id_1_Facility_tr_6000_1st_10609;SMD;24000;6000;427;9;0.017791666666666667;10609
178;179_SMD_id_2_Facility_tr_5925_1st_17580;SMD;23703;5925;161;3;0.006792389149052862;17580
179;180_SMD_id_3_Facility_tr_5925_1st_17580;SMD;23703;5925;161;3;0.006792389149052862;17580
180;181_SMD_id_4_Facility_tr_5000_1st_15144;SMD;20000;5000;908;7;0.0454;15144
181;182_SMD_id_5_Facility_tr_7174_1st_21230;SMD;28696;7174;198;7;0.006899916364650125;21230
182;183_SMD_id_6_Facility_tr_5925_1st_17580;SMD;23703;5925;161;3;0.006792389149052862;17580
183;184_SMD_id_7_Facility_tr_7119_1st_15849;SMD;28479;7119;2694;17;0.09459601811861372;15849
184;185_SMD_id_8_Facility_tr_5000_1st_15144;SMD;20000;5000;908;7;0.0454;15144
185;186_SMD_id_9_Facility_tr_5925_1st_17580;SMD;23703;5925;161;3;0.006792389149052862;17580
186;187_SMD_id_10_Facility_tr_5000_1st_15849;SMD;20000;5000;2190;8;0.1095;15849
187;188_SMD_id_11_Facility_tr_500_1st_392;SMD;23703;500;817;25;0.034468210775007384;392
188;189_SMD_id_12_Facility_tr_5925_1st_17580;SMD;23703;5925;161;3;0.006792389149052862;17580
189;190_SMD_id_13_Facility_tr_7119_1st_15849;SMD;28479;7119;2694;17;0.09459601811861372;15849
190;191_SMD_id_14_Facility_tr_4596_1st_4696;SMD;22700;4596;146;5;0.006431718061674009;4696
191;192_SMD_id_15_Facility_tr_5925_1st_17580;SMD;23703;5925;161;3;0.006792389149052862;17580
192;193_SMD_id_16_Facility_tr_5925_1st_17580;SMD;23703;5925;161;3;0.006792389149052862;17580
193;194_SMD_id_17_Facility_tr_5925_1st_17580;SMD;23703;5925;161;3;0.006792389149052862;17580
194;195_SMD_id_18_Facility_tr_5925_1st_17580;SMD;23703;5925;161;3;0.006792389149052862;17580
195;196_SMD_id_19_Facility_tr_7174_1st_21230;SMD;28696;7174;192;5;0.006690827989963758;21230
196;197_SMD_id_20_Facility_tr_5000_1st_15144;SMD;20000;5000;908;7;0.0454;15144
197;198_SMD_id_21_Facility_tr_5925_1st_17580;SMD;23703;5925;161;3;0.006792389149052862;17580
198;199_SMD_id_22_Facility_tr_5925_1st_17580;SMD;23703;5925;161;3;0.006792389149052862;17580
199;200_SMD_id_23_Facility_tr_7174_1st_21230;SMD;28696;7174;198;7;0.006899916364650125;21230
200;201_SMD_id_24_Facility_tr_7174_1st_21230;SMD;28696;7174;198;7;0.006899916364650125;21230
201;202_SMD_id_25_Facility_tr_6250_1st_21230;SMD;25000;6250;66;3;0.00264;21230
202;203_SMD_id_26_Facility_tr_7174_1st_21230;SMD;28696;7174;198;7;0.006899916364650125;21230
203;204_SMD_id_27_Facility_tr_5000_1st_15144;SMD;20000;5000;908;7;0.0454;15144
204;205_SMD_id_28_Facility_tr_5925_1st_17580;SMD;23703;5925;161;3;0.006792389149052862;17580
205;206_SMD_id_29_Facility_tr_6250_1st_21230;SMD;25000;6250;66;3;0.00264;21230
206;207_SMD_id_30_Facility_tr_7174_1st_21230;SMD;28696;7174;198;7;0.006899916364650125;21230
207;208_SMD_id_31_Facility_tr_5000_1st_15144;SMD;20000;5000;908;7;0.0454;15144
208;209_SMD_id_32_Facility_tr_5925_1st_17580;SMD;23703;5925;161;3;0.006792389149052862;17580
209;210_SMD_id_33_Facility_tr_5925_1st_17580;SMD;23703;5925;161;3;0.006792389149052862;17580
210;211_SMD_id_34_Facility_tr_5925_1st_17580;SMD;23703;5925;161;3;0.006792389149052862;17580
211;212_SMD_id_35_Facility_tr_5925_1st_17580;SMD;23703;5925;161;3;0.006792389149052862;17580
212;213_SMD_id_36_Facility_tr_5925_1st_17580;SMD;23703;5925;161;3;0.006792389149052862;17580
213;214_SMD_id_37_Facility_tr_5925_1st_17580;SMD;23703;5925;161;3;0.006792389149052862;17580
214;215_SMD_id_38_Facility_tr_5925_1st_17580;SMD;23703;5925;161;3;0.006792389149052862;17580
215;216_LTDB_id_1_Medical_tr_500_1st_266;LTDB;100000;500;14857;275;0.14857;266
216;217_LTDB_id_2_Medical_tr_500_1st_266;LTDB;100000;500;14857;275;0.14857;266
217;218_LTDB_id_3_Medical_tr_500_1st_266;LTDB;100000;500;14857;275;0.14857;266
218;219_LTDB_id_4_Medical_tr_3618_1st_3718;LTDB;100000;3618;14781;233;0.14781;3718
219;220_LTDB_id_5_Medical_tr_500_1st_26;LTDB;100000;500;31565;332;0.31565;26
220;221_LTDB_id_6_Medical_tr_500_1st_26;LTDB;100000;500;31565;332;0.31565;26
221;222_LTDB_id_7_Medical_tr_3618_1st_3718;LTDB;100000;3618;14781;233;0.14781;3718
222;223_LTDB_id_8_Medical_tr_4456_1st_4556;LTDB;100000;4456;16159;201;0.16159;4556
223;224_LTDB_id_9_Medical_tr_4456_1st_4556;LTDB;100000;4456;16159;201;0.16159;4556
224;225_MGAB_id_1_Synthetic_tr_25000_1st_38478;MGAB;100000;25000;200;21;0.002;38478
225;226_MGAB_id_2_Synthetic_tr_20000_1st_45134;MGAB;80000;20000;140;15;0.00175;45134
226;227_MGAB_id_3_Synthetic_tr_25000_1st_44340;MGAB;100000;25000;200;21;0.002;44340
227;228_MGAB_id_4_Synthetic_tr_25000_1st_38948;MGAB;100000;25000;200;21;0.002;38948
228;229_MGAB_id_5_Synthetic_tr_25000_1st_33098;MGAB;100000;25000;200;21;0.002;33098
229;230_MGAB_id_6_Synthetic_tr_25000_1st_42441;MGAB;100000;25000;200;21;0.002;42441
230;231_MGAB_id_7_Synthetic_tr_25000_1st_35544;MGAB;100000;25000;200;21;0.002;35544
231;232_MGAB_id_8_Synthetic_tr_25000_1st_32708;MGAB;100000;25000;200;21;0.002;32708
232;233_MGAB_id_9_Synthetic_tr_25000_1st_41300;MGAB;100000;25000;200;21;0.002;41300
233;234_SED_id_1_Medical_tr_3740_1st_3840;SED;19999;3740;960;31;0.048002400120006;3840
234;235_SED_id_2_Medical_tr_2499_1st_3840;SED;9999;2499;384;13;0.03840384038403841;3840
235;236_SED_id_3_Medical_tr_3740_1st_3840;SED;39999;3740;1472;47;0.036800920023000575;3840
236;237_SVDB_id_1_Medical_tr_11587_1st_11687;SVDB;130400;11587;9852;25;0.0755521472392638;11687
237;238_SVDB_id_2_Medical_tr_25000_1st_71963;SVDB;100000;25000;676;3;0.00676;71963
238;239_SVDB_id_3_Medical_tr_50000_1st_106634;SVDB;230400;50000;3503;27;0.015203993055555556;106634
239;240_SVDB_id_4_Medical_tr_18462_1st_18562;SVDB;130400;18462;6004;69;0.046042944785276076;18562
240;241_SVDB_id_5_Medical_tr_11587_1st_11687;SVDB;130400;11587;9852;25;0.0755521472392638;11687
241;242_SVDB_id_6_Medical_tr_10726_1st_10826;SVDB;180400;10726;2856;53;0.015831485587583148;10826
242;243_SVDB_id_7_Medical_tr_11393_1st_11493;SVDB;180400;11393;5547;65;0.030748337028824832;11493
243;244_SVDB_id_8_Medical_tr_17803_1st_17903;SVDB;130400;17803;3941;51;0.030222392638036808;17903
244;245_SVDB_id_9_Medical_tr_12607_1st_12707;SVDB;180400;12607;14891;301;0.08254434589800444;12707
245;246_SVDB_id_10_Medical_tr_20100_1st_68460;SVDB;80400;20100;535;11;0.006654228855721393;68460
246;247_SVDB_id_11_Medical_tr_20100_1st_23611;SVDB;80400;20100;945;17;0.011753731343283582;23611
247;248_SVDB_id_12_Medical_tr_18462_1st_18562;SVDB;130400;18462;6004;69;0.046042944785276076;18562
248;249_SVDB_id_13_Medical_tr_50000_1st_54982;SVDB;230400;50000;8578;115;0.037230902777777776;54982
249;250_SVDB_id_14_Medical_tr_50000_1st_107354;SVDB;230400;50000;6469;13;0.028077256944444445;107354
250;251_SVDB_id_15_Medical_tr_5421_1st_5521;SVDB;230400;5421;12809;167;0.05559461805555556;5521
251;252_SVDB_id_16_Medical_tr_12167_1st_12267;SVDB;230400;12167;6151;123;0.02669704861111111;12267
252;253_SVDB_id_17_Medical_tr_17803_1st_17903;SVDB;130400;17803;3941;51;0.030222392638036808;17903
253;254_SVDB_id_18_Medical_tr_30824_1st_30924;SVDB;230400;30824;7847;85;0.034058159722222224;30924
254;255_SVDB_id_19_Medical_tr_50000_1st_54982;SVDB;230400;50000;8578;115;0.037230902777777776;54982
255;256_SVDB_id_20_Medical_tr_6264_1st_6364;SVDB;230400;6264;7464;91;0.03239583333333333;6364
256;257_TAO_id_1_Environment_tr_500_1st_3;TAO;10000;500;954;1699;0.0954;3
257;258_TAO_id_2_Environment_tr_500_1st_4;TAO;10000;500;1380;2399;0.138;4
258;259_TAO_id_3_Environment_tr_500_1st_7;TAO;10000;500;488;937;0.0488;7
259;260_IOPS_id_1_WebService_tr_5000_1st_11804;IOPS;20000;5000;14;3;0.0007;11804
260;261_IOPS_id_2_WebService_tr_2178_1st_2278;IOPS;8784;2178;6;5;0.0006830601092896175;2278
261;262_IOPS_id_3_WebService_tr_7028_1st_7128;IOPS;125135;7028;2704;93;0.02160866264434411;7128
262;263_IOPS_id_4_WebService_tr_3482_1st_3582;IOPS;149123;3482;790;113;0.005297640203053855;3582
263;264_IOPS_id_5_WebService_tr_11665_1st_11765;IOPS;60000;11665;901;7;0.015016666666666666;11765
264;265_IOPS_id_6_WebService_tr_6453_1st_6553;IOPS;128787;6453;105;23;0.0008152996808684106;6553
265;266_IOPS_id_7_WebService_tr_4010_1st_4110;IOPS;89155;4010;1456;107;0.016331108743200044;4110
266;267_IOPS_id_8_WebService_tr_1534_1st_1882;IOPS;6138;1534;53;11;0.008634734441186055;1882
267;268_IOPS_id_9_WebService_tr_6216_1st_6316;IOPS;29133;6216;1397;31;0.04795249373562627;6316
268;269_IOPS_id_10_WebService_tr_1216_1st_1728;IOPS;4866;1216;49;5;0.010069872585285656;1728
269;270_IOPS_id_11_WebService_tr_5638_1st_5738;IOPS;60000;5638;151;21;0.0025166666666666666;5738
270;271_IOPS_id_12_WebService_tr_500_1st_341;IOPS;8784;500;116;21;0.013205828779599272;341
271;272_IOPS_id_13_WebService_tr_3442_1st_3542;IOPS;149156;3442;633;113;0.004243878891898415;3542
272;273_IOPS_id_14_WebService_tr_5569_1st_5669;IOPS;149122;5569;761;107;0.005103204087928005;5669
273;274_IOPS_id_15_WebService_tr_4591_1st_4691;IOPS;149132;4591;6777;173;0.045442963280851865;4691
274;275_IOPS_id_16_WebService_tr_1482_1st_1582;IOPS;8784;1482;71;13;0.00808287795992714;1582
275;276_IOPS_id_17_WebService_tr_19197_1st_19297;IOPS;91370;19197;2576;41;0.028193061179818322;19297
276;277_NEK_id_1_WebService_tr_500_1st_17;NEK;1073;500;88;5;0.08201304753028892;17
277;278_NEK_id_2_WebService_tr_500_1st_64;NEK;1073;500;65;13;0.06057781919850885;64
278;279_NEK_id_3_WebService_tr_500_1st_974;NEK;1073;500;91;3;0.08480894687791239;974
279;280_NEK_id_4_WebService_tr_500_1st_231;NEK;1073;500;57;8;0.05312208760484623;231
280;281_NEK_id_5_WebService_tr_500_1st_974;NEK;1073;500;88;3;0.08201304753028892;974
281;282_NEK_id_6_WebService_tr_500_1st_64;NEK;1073;500;63;15;0.05871388630009319;64
282;283_NEK_id_7_WebService_tr_500_1st_777;NEK;1073;500;120;5;0.11183597390493942;777
283;284_NEK_id_8_WebService_tr_500_1st_976;NEK;1073;500;89;3;0.08294501397949673;976
284;285_NEK_id_9_WebService_tr_500_1st_780;NEK;1073;500;108;5;0.10065237651444547;780
285;286_CATSv2_id_1_Sensor_tr_17792_1st_17892;CATSv2;300000;17792;14800;39;0.04933333333333333;17892
286;287_TODS_id_1_Synthetic_tr_500_1st_11;TODS;5000;500;261;495;0.0522;11
287;288_TODS_id_2_Synthetic_tr_500_1st_65;TODS;5000;500;338;225;0.0676;65
288;289_TODS_id_3_Synthetic_tr_500_1st_26;TODS;5000;500;225;247;0.045;26
289;290_TODS_id_4_Synthetic_tr_500_1st_26;TODS;5000;500;429;169;0.0858;26
290;291_TODS_id_5_Synthetic_tr_500_1st_11;TODS;5000;500;261;495;0.0522;11
291;292_TODS_id_6_Synthetic_tr_500_1st_11;TODS;5000;500;261;495;0.0522;11
292;293_TODS_id_7_Synthetic_tr_500_1st_7;TODS;5000;500;251;49;0.0502;7
293;294_TODS_id_8_Synthetic_tr_500_1st_200;TODS;5000;500;510;29;0.102;200
294;295_TODS_id_9_Synthetic_tr_1250_1st_2046;TODS;5000;1250;390;23;0.078;2046
295;296_TODS_id_10_Synthetic_tr_500_1st_26;TODS;5000;500;204;311;0.0408;26
296;297_TODS_id_11_Synthetic_tr_500_1st_7;TODS;5000;500;251;49;0.0502;7
297;298_TODS_id_12_Synthetic_tr_500_1st_0;TODS;5000;500;324;120;0.0648;0
298;299_TODS_id_13_Synthetic_tr_500_1st_65;TODS;5000;500;268;193;0.0536;65
299;300_TODS_id_14_Synthetic_tr_1250_1st_2555;TODS;5000;1250;400;7;0.08;2555
300;301_TODS_id_15_Synthetic_tr_500_1st_245;TODS;5000;500;410;27;0.082;245
301;302_Power_id_1_Facility_tr_7685_1st_7785;Power;35040;7685;3000;9;0.08561643835616438;7785
302;303_UCR_id_1_Medical_tr_2499_1st_8000;UCR;9998;2499;25;3;0.002500500100020004;8000
303;304_UCR_id_2_Medical_tr_2499_1st_7000;UCR;9998;2499;50;3;0.005001000200040008;7000
304;305_UCR_id_3_Medical_tr_3000_1st_5948;UCR;12000;3000;45;3;0.00375;5948
305;306_UCR_id_4_Medical_tr_2507_1st_8500;UCR;10028;2507;1;3;9.972078181092939e-05;8500
306;307_UCR_id_5_Facility_tr_29895_1st_39240;UCR;119580;29895;96;3;0.0008028098344204717;39240
307;308_UCR_id_6_Facility_tr_20000_1st_56600;UCR;80001;20000;300;3;0.00374995312558593;56600
308;309_UCR_id_7_Medical_tr_3000_1st_5948;UCR;12000;3000;45;3;0.00375;5948
309;310_UCR_id_8_HumanActivity_tr_2631_1st_8285;UCR;10524;2631;30;3;0.0028506271379703536;8285
310;311_UCR_id_9_HumanActivity_tr_16000_1st_38400;UCR;64000;16000;800;3;0.0125;38400
311;312_UCR_id_10_Facility_tr_19948_1st_52000;UCR;79795;19948;620;3;0.007769910395388182;52000
312;313_UCR_id_11_Sensor_tr_2827_1st_4711;UCR;11308;2827;98;3;0.008666430845419171;4711
313;314_UCR_id_12_HumanActivity_tr_16250_1st_38500;UCR;65000;16250;300;3;0.004615384615384616;38500
314;315_UCR_id_13_HumanActivity_tr_16000_1st_33070;UCR;64000;16000;110;3;0.00171875;33070
315;316_UCR_id_14_Sensor_tr_2833_1st_5988;UCR;11334;2833;97;3;0.008558320098817717;5988
316;317_UCR_id_15_HumanActivity_tr_16000_1st_38400;UCR;64000;16000;800;3;0.0125;38400
317;318_UCR_id_16_Medical_tr_2499_1st_7000;UCR;9998;2499;50;3;0.005001000200040008;7000
318;319_UCR_id_17_Environment_tr_6166_1st_19280;UCR;24667;6166;160;3;0.00648639883244821;19280
319;320_UCR_id_18_Medical_tr_2500_1st_7000;UCR;10001;2500;30;3;0.0029997000299970002;7000
320;321_UCR_id_19_Medical_tr_1875_1st_4485;UCR;7500;1875;102;3;0.0136;4485
321;322_UCR_id_20_Facility_tr_7482_1st_24005;UCR;29931;7482;72;3;0.0024055327252681166;24005
322;323_UCR_id_21_HumanActivity_tr_48812_1st_128430;UCR;195250;48812;1;3;5.121638924455826e-06;128430
323;324_UCR_id_22_Medical_tr_1875_1st_5865;UCR;7501;1875;109;3;0.014531395813891481;5865
324;325_UCR_id_23_Medical_tr_3000_1st_6168;UCR;12000;3000;44;3;0.0036666666666666666;6168
325;326_UCR_id_24_Medical_tr_1875_1st_4187;UCR;7501;1875;12;3;0.001599786695107319;4187
326;327_UCR_id_25_Medical_tr_15000_1st_51370;UCR;60000;15000;370;3;0.006166666666666667;51370
327;328_UCR_id_26_Medical_tr_1913_1st_3474;UCR;7654;1913;155;3;0.020250849229161223;3474
328;329_UCR_id_27_Medical_tr_7500_1st_17210;UCR;30001;7500;50;3;0.0016666111129629013;17210
329;330_UCR_id_28_Facility_tr_7482_1st_23405;UCR;29931;7482;72;3;0.0024055327252681166;23405
330;331_UCR_id_29_Facility_tr_50000_1st_837400;UCR;900000;50000;1700;3;0.001888888888888889;837400
331;332_UCR_id_30_Facility_tr_13750_1st_52600;UCR;55000;13750;200;3;0.0036363636363636364;52600
332;333_UCR_id_31_Facility_tr_7500_1st_13400;UCR;30000;7500;400;3;0.013333333333333334;13400
333;334_UCR_id_32_HumanActivity_tr_1671_1st_2764;UCR;6684;1671;231;3;0.034560143626570915;2764
334;335_UCR_id_33_Medical_tr_1875_1st_4526;UCR;7501;1875;30;3;0.003999466737768298;4526
335;336_UCR_id_34_Facility_tr_32191_1st_124159;UCR;128767;32191;826;3;0.006414686992785418;124159
336;337_UCR_id_35_HumanActivity_tr_50000_1st_110260;UCR;200000;50000;152;3;0.00076;110260
337;338_UCR_id_36_Facility_tr_9000_1st_12400;UCR;36001;9000;400;3;0.011110802477708952;12400
338;339_UCR_id_37_Sensor_tr_2750_1st_5400;UCR;11000;2750;200;3;0.01818181818181818;5400
339;340_UCR_id_38_Facility_tr_32500_1st_114283;UCR;130001;32500;67;3;0.0005153806509180698;114283
340;341_UCR_id_39_HumanActivity_tr_48812_1st_128430;UCR;195250;48812;1;3;5.121638924455826e-06;128430
341;342_UCR_id_40_Medical_tr_7500_1st_17000;UCR;30000;7500;100;3;0.0033333333333333335;17000
342;343_UCR_id_41_Facility_tr_14030_1st_52600;UCR;56123;14030;200;3;0.003563601375550131;52600
343;344_UCR_id_42_Sensor_tr_2851_1st_5365;UCR;11406;2851;15;3;0.0013150973172014729;5365
344;345_UCR_id_43_Facility_tr_25000_1st_44630;UCR;100000;25000;260;3;0.0026;44630
345;346_UCR_id_44_Medical_tr_7456_1st_17390;UCR;29826;7456;130;3;0.004358613290417757;17390
346;347_UCR_id_45_Sensor_tr_2851_1st_5365;UCR;11406;2851;15;3;0.0013150973172014729;5365
347;348_UCR_id_46_Facility_tr_9000_1st_12400;UCR;36001;9000;400;3;0.011110802477708952;12400
348;349_UCR_id_47_Facility_tr_29954_1st_74900;UCR;119819;29954;96;3;0.0008012084894716197;74900
349;350_UCR_id_48_Facility_tr_7482_1st_23405;UCR;29931;7482;72;3;0.0024055327252681166;23405
350;351_UCR_id_49_Medical_tr_7464_1st_12190;UCR;29859;7464;230;3;0.007702870156401755;12190
351;352_UCR_id_50_HumanActivity_tr_48750_1st_110800;UCR;195000;48750;1;3;5.128205128205128e-06;110800
352;353_UCR_id_51_Medical_tr_1875_1st_3198;UCR;7500;1875;111;3;0.0148;3198
353;354_UCR_id_52_Facility_tr_7482_1st_18485;UCR;29931;7482;336;3;0.011225819384584544;18485
354;355_UCR_id_53_HumanActivity_tr_48750_1st_143411;UCR;195000;48750;100;3;0.0005128205128205128;143411
355;356_UCR_id_54_Medical_tr_7500_1st_16000;UCR;30000;7500;100;3;0.0033333333333333335;16000
356;357_UCR_id_55_Facility_tr_12500_1st_46600;UCR;50000;12500;300;3;0.006;46600
357;358_UCR_id_56_Facility_tr_10500_1st_29080;UCR;42000;10500;60;3;0.0014285714285714286;29080
358;359_UCR_id_57_Medical_tr_1913_1st_3474;UCR;7654;1913;155;3;0.020250849229161223;3474
359;360_UCR_id_58_Facility_tr_14030_1st_52600;UCR;56123;14030;200;3;0.003563601375550131;52600
360;361_UCR_id_59_Medical_tr_3000_1st_7175;UCR;12000;3000;213;3;0.01775;7175
361;362_UCR_id_60_HumanActivity_tr_16000_1st_31200;UCR;64000;16000;650;3;0.01015625;31200
362;363_UCR_id_61_Medical_tr_7500_1st_16000;UCR;30000;7500;100;3;0.0033333333333333335;16000
363;364_UCR_id_62_Sensor_tr_2833_1st_5988;UCR;11334;2833;97;3;0.008558320098817717;5988
364;365_UCR_id_63_Facility_tr_50000_1st_210720;UCR;299940;50000;650;3;0.0021671000866840037;210720
365;366_UCR_id_64_Medical_tr_2507_1st_8500;UCR;10028;2507;1;3;9.972078181092939e-05;8500
366;367_UCR_id_65_Medical_tr_9567_1st_16000;UCR;38269;9567;100;3;0.0026130810839060338;16000
367;368_UCR_id_66_Facility_tr_50000_1st_125720;UCR;299690;50000;650;3;0.0021689078714671826;125720
368;369_UCR_id_67_Sensor_tr_2750_1st_5400;UCR;11000;2750;200;3;0.01818181818181818;5400
369;370_UCR_id_68_Medical_tr_9625_1st_12240;UCR;38501;9625;68;3;0.0017661878912236047;12240
370;371_UCR_id_69_Medical_tr_1853_1st_6200;UCR;7415;1853;170;3;0.022926500337154418;6200
371;372_UCR_id_70_Medical_tr_7500_1st_17000;UCR;30000;7500;100;3;0.0033333333333333335;17000
372;373_UCR_id_71_Sensor_tr_2827_1st_5988;UCR;11308;2827;97;3;0.008577997877608773;5988
373;374_UCR_id_72_Medical_tr_2500_1st_7000;UCR;10001;2500;30;3;0.0029997000299970002;7000
374;375_UCR_id_73_Medical_tr_47500_1st_123000;UCR;190001;47500;300;3;0.0015789390582154831;123000
375;376_UCR_id_74_Medical_tr_7500_1st_17210;UCR;30001;7500;50;3;0.0016666111129629013;17210
376;377_UCR_id_75_Medical_tr_1875_1st_6599;UCR;7501;1875;82;3;0.010931875749900012;6599
377;378_UCR_id_76_Medical_tr_9594_1st_11111;UCR;38379;9594;100;3;0.002605591599572683;11111
378;379_UCR_id_77_Facility_tr_32191_1st_124159;UCR;128767;32191;826;3;0.006414686992785418;124159
379;380_UCR_id_78_Medical_tr_1830_1st_4675;UCR;7321;1830;358;3;0.048900423439420845;4675
380;381_UCR_id_79_HumanActivity_tr_16000_1st_31200;UCR;64000;16000;650;3;0.01015625;31200
381;382_UCR_id_80_Medical_tr_7500_1st_11800;UCR;30000;7500;300;3;0.01;11800
382;383_UCR_id_81_Medical_tr_1875_1st_3198;UCR;7500;1875;111;3;0.0148;3198
383;384_UCR_id_82_Facility_tr_50000_1st_884100;UCR;900000;50000;100;3;0.00011111111111111112;884100
384;385_UCR_id_83_Environment_tr_2046_1st_6006;UCR;8184;2046;48;3;0.005865102639296188;6006
385;386_UCR_id_84_Environment_tr_2046_1st_5703;UCR;8184;2046;24;3;0.002932551319648094;5703
386;387_UCR_id_85_Environment_tr_2046_1st_5549;UCR;8184;2046;48;3;0.005865102639296188;5549
387;388_UCR_id_86_Facility_tr_17500_1st_23355;UCR;70001;17500;45;3;0.0006428479593148669;23355
388;389_UCR_id_87_Facility_tr_7482_1st_18485;UCR;29931;7482;336;3;0.011225819384584544;18485
389;390_UCR_id_88_Medical_tr_7500_1st_17000;UCR;30000;7500;100;3;0.0033333333333333335;17000
390;391_UCR_id_89_Medical_tr_1875_1st_5759;UCR;7500;1875;160;3;0.021333333333333333;5759
391;392_UCR_id_90_HumanActivity_tr_48750_1st_130700;UCR;195000;48750;1180;3;0.006051282051282051;130700
392;393_UCR_id_91_Environment_tr_2046_1st_4852;UCR;8184;2046;48;3;0.005865102639296188;4852
393;394_UCR_id_92_Medical_tr_9967_1st_28995;UCR;39870;9967;90;3;0.002257336343115124;28995
394;395_UCR_id_93_Medical_tr_7516_1st_17390;UCR;30066;7516;130;3;0.004323820927293288;17390
395;396_UCR_id_94_Medical_tr_1875_1st_5607;UCR;7501;1875;27;3;0.0035995200639914677;5607
396;397_UCR_id_95_Medical_tr_1830_1st_4675;UCR;7321;1830;358;3;0.048900423439420845;4675
397;398_UCR_id_96_Medical_tr_1913_1st_3474;UCR;7654;1913;155;3;0.020250849229161223;3474
398;399_UCR_id_97_Facility_tr_19948_1st_52000;UCR;79795;19948;620;3;0.007769910395388182;52000
399;400_UCR_id_98_Environment_tr_2046_1st_5391;UCR;8184;2046;1;3;0.00012218963831867058;5391
400;401_UCR_id_99_HumanActivity_tr_1671_1st_5920;UCR;6684;1671;59;3;0.008827049670855775;5920
401;402_UCR_id_100_Medical_tr_7500_1st_19510;UCR;30000;7500;100;3;0.0033333333333333335;19510
402;403_UCR_id_101_Medical_tr_1875_1st_4187;UCR;7501;1875;12;3;0.001599786695107319;4187
403;404_UCR_id_102_Facility_tr_13750_1st_52600;UCR;55000;13750;200;3;0.0036363636363636364;52600
404;405_UCR_id_103_Sensor_tr_2827_1st_5988;UCR;11308;2827;97;3;0.008577997877608773;5988
405;406_UCR_id_104_Facility_tr_20000_1st_67950;UCR;80000;20000;250;3;0.003125;67950
406;407_UCR_id_105_Medical_tr_7500_1st_16900;UCR;30000;7500;200;3;0.006666666666666667;16900
407;408_UCR_id_106_Medical_tr_9594_1st_11111;UCR;38379;9594;100;3;0.002605591599572683;11111
408;409_UCR_id_107_Facility_tr_20000_1st_67950;UCR;80000;20000;250;3;0.003125;67950
409;410_UCR_id_108_Medical_tr_1875_1st_4187;UCR;7500;1875;10;3;0.0013333333333333333;4187
410;411_UCR_id_109_Environment_tr_2046_1st_4852;UCR;8184;2046;48;3;0.005865102639296188;4852
411;412_UCR_id_110_Medical_tr_7500_1st_16900;UCR;30000;7500;200;3;0.006666666666666667;16900
412;413_UCR_id_111_Facility_tr_12500_1st_46600;UCR;50000;12500;300;3;0.006;46600
413;414_UCR_id_112_HumanActivity_tr_48750_1st_143411;UCR;195000;48750;100;3;0.0005128205128205128;143411
414;415_UCR_id_113_Medical_tr_3000_1st_8612;UCR;12000;3000;104;3;0.008666666666666666;8612
415;416_UCR_id_114_Medical_tr_50000_1st_91200;UCR;211502;50000;500;3;0.0023640438388289474;91200
416;417_UCR_id_115_Sensor_tr_2750_1st_5400;UCR;11000;2750;200;3;0.01818181818181818;5400
417;418_UCR_id_116_Facility_tr_10000_1st_35774;UCR;40000;10000;100;3;0.0025;35774
418;419_UCR_id_117_Facility_tr_3000_1st_6168;UCR;12000;3000;44;3;0.0036666666666666666;6168
419;420_UCR_id_118_Facility_tr_13750_1st_52600;UCR;55000;13750;200;3;0.0036363636363636364;52600
420;421_UCR_id_119_HumanActivity_tr_48750_1st_130700;UCR;195000;48750;1180;3;0.006051282051282051;130700
421;422_UCR_id_120_Facility_tr_50000_1st_150720;UCR;299690;50000;650;3;0.0021689078714671826;150720
422;423_UCR_id_121_Facility_tr_13750_1st_52600;UCR;55000;13750;200;3;0.0036363636363636364;52600
423;424_UCR_id_122_Medical_tr_7464_1st_12190;UCR;29859;7464;230;3;0.007702870156401755;12190
424;425_UCR_id_123_Medical_tr_16700_1st_16800;UCR;200000;16700;300;3;0.0015;16800
425;426_UCR_id_124_Sensor_tr_2827_1st_4711;UCR;11308;2827;98;3;0.008666430845419171;4711
426;427_UCR_id_125_Medical_tr_10403_1st_10995;UCR;41612;10403;33;3;0.0007930404690954532;10995
427;428_UCR_id_126_Medical_tr_7487_1st_27862;UCR;29950;7487;70;3;0.002337228714524207;27862
428;429_UCR_id_127_Medical_tr_14825_1st_29000;UCR;59302;14825;100;3;0.0016862837678324508;29000
429;430_UCR_id_128_HumanActivity_tr_12500_1st_46500;UCR;50000;12500;300;3;0.006;46500
430;431_UCR_id_129_Facility_tr_32500_1st_114283;UCR;130001;32500;67;3;0.0005153806509180698;114283
431;432_UCR_id_130_Facility_tr_23000_1st_26970;UCR;92000;23000;300;3;0.003260869565217391;26970
432;433_UCR_id_131_Facility_tr_50000_1st_106720;UCR;299990;50000;650;3;0.0021667388912963766;106720
433;434_UCR_id_132_Medical_tr_14750_1st_57530;UCR;59000;14750;260;3;0.004406779661016949;57530
434;435_UCR_id_133_Medical_tr_14750_1st_47830;UCR;59000;14750;20;3;0.00033898305084745765;47830
435;436_UCR_id_134_Medical_tr_1875_1st_4526;UCR;7501;1875;30;3;0.003999466737768298;4526
436;437_UCR_id_135_Medical_tr_2499_1st_8000;UCR;9998;2499;25;3;0.002500500100020004;8000
437;438_UCR_id_136_Medical_tr_14750_1st_57960;UCR;59000;14750;10;3;0.00016949152542372882;57960
438;439_UCR_id_137_HumanActivity_tr_48750_1st_110800;UCR;195000;48750;1;3;5.128205128205128e-06;110800
439;440_UCR_id_138_Medical_tr_16700_1st_16800;UCR;200000;16700;300;3;0.0015;16800
440;441_UCR_id_139_Facility_tr_7500_1st_13400;UCR;30000;7500;400;3;0.013333333333333334;13400
441;442_UCR_id_140_Medical_tr_1875_1st_4187;UCR;7501;1875;12;3;0.001599786695107319;4187
442;443_UCR_id_141_Medical_tr_7456_1st_17390;UCR;29826;7456;130;3;0.004358613290417757;17390
443;444_UCR_id_142_Medical_tr_10336_1st_17001;UCR;41347;10336;15;3;0.000362783273272547;17001
444;445_UCR_id_143_Environment_tr_6166_1st_19280;UCR;24667;6166;160;3;0.00648639883244821;19280
445;446_UCR_id_144_Medical_tr_7500_1st_17000;UCR;30000;7500;100;3;0.0033333333333333335;17000
446;447_UCR_id_145_Medical_tr_9625_1st_12240;UCR;38501;9625;68;3;0.0017661878912236047;12240
447;448_UCR_id_146_Facility_tr_7482_1st_23357;UCR;29931;7482;360;3;0.012027663626340583;23357
448;449_UCR_id_147_Sensor_tr_2847_1st_9330;UCR;11388;2847;10;3;0.0008781173164734809;9330
449;450_UCR_id_148_Medical_tr_7500_1st_16900;UCR;30000;7500;200;3;0.006666666666666667;16900
450;451_UCR_id_149_Medical_tr_3000_1st_7175;UCR;12000;3000;213;3;0.01775;7175
451;452_UCR_id_150_Facility_tr_10000_1st_35774;UCR;40000;10000;100;3;0.0025;35774
452;453_UCR_id_151_Facility_tr_32000_1st_67995;UCR;128001;32000;1;3;7.812438965320584e-06;67995
453;454_UCR_id_152_Medical_tr_9625_1st_20950;UCR;38501;9625;150;3;0.0038960027012285396;20950
454;455_UCR_id_153_Facility_tr_50000_1st_163632;UCR;298340;50000;1220;3;0.004089294093986727;163632
455;456_UCR_id_154_Facility_tr_22500_1st_72150;UCR;90000;22500;345;3;0.003833333333333333;72150
456;457_UCR_id_155_Medical_tr_49999_1st_143000;UCR;199999;49999;300;3;0.0015000075000375002;143000
457;458_UCR_id_156_Facility_tr_20000_1st_56600;UCR;80001;20000;300;3;0.00374995312558593;56600
458;459_UCR_id_157_HumanActivity_tr_50000_1st_110260;UCR;200000;50000;152;3;0.00076;110260
459;460_UCR_id_158_Medical_tr_7487_1st_27862;UCR;29950;7487;70;3;0.002337228714524207;27862
460;461_UCR_id_159_Medical_tr_45096_1st_131200;UCR;180386;45096;500;3;0.0027718337343252803;131200
461;462_UCR_id_160_Medical_tr_1853_1st_6200;UCR;7415;1853;170;3;0.022926500337154418;6200
462;463_UCR_id_161_Environment_tr_2046_1st_6006;UCR;8184;2046;48;3;0.005865102639296188;6006
463;464_UCR_id_162_Medical_tr_7487_1st_16390;UCR;29950;7487;30;3;0.001001669449081803;16390
464;465_UCR_id_163_HumanActivity_tr_1671_1st_5920;UCR;6684;1671;59;3;0.008827049670855775;5920
465;466_UCR_id_164_Medical_tr_1900_1st_5684;UCR;7601;1900;170;3;0.022365478226549138;5684
466;467_UCR_id_165_Environment_tr_6166_1st_19280;UCR;24667;6166;160;3;0.00648639883244821;19280
467;468_UCR_id_166_Facility_tr_10000_1st_35774;UCR;40000;10000;100;3;0.0025;35774
468;469_UCR_id_167_Medical_tr_1875_1st_4187;UCR;7500;1875;10;3;0.0013333333333333333;4187
469;470_UCR_id_168_Medical_tr_10447_1st_10998;UCR;41790;10447;30;3;0.0007178750897343862;10998
470;471_UCR_id_169_Facility_tr_10000_1st_35774;UCR;40000;10000;100;3;0.0025;35774
471;472_UCR_id_170_Facility_tr_32000_1st_67995;UCR;128001;32000;1;3;7.812438965320584e-06;67995
472;473_UCR_id_171_HumanActivity_tr_2617_1st_7290;UCR;10468;2617;6;3;0.0005731753916698509;7290
473;474_UCR_id_172_Environment_tr_2046_1st_6520;UCR;8184;2046;24;3;0.002932551319648094;6520
474;475_UCR_id_173_Medical_tr_3000_1st_8612;UCR;12000;3000;104;3;0.008666666666666666;8612
475;476_UCR_id_174_Facility_tr_50000_1st_64632;UCR;299840;50000;220;3;0.0007337246531483458;64632
476;477_UCR_id_175_Medical_tr_7500_1st_17000;UCR;30000;7500;100;3;0.0033333333333333335;17000
477;478_UCR_id_176_Medical_tr_7500_1st_17210;UCR;30001;7500;50;3;0.0016666111129629013;17210
478;479_UCR_id_177_Medical_tr_2000_1st_7000;UCR;8000;2000;50;3;0.00625;7000
479;480_UCR_id_178_Facility_tr_50000_1st_160720;UCR;299890;50000;650;3;0.0021674614025142553;160720
480;481_UCR_id_179_Medical_tr_1900_1st_5684;UCR;7601;1900;170;3;0.022365478226549138;5684
481;482_UCR_id_180_Medical_tr_7500_1st_16000;UCR;30000;7500;100;3;0.0033333333333333335;16000
482;483_UCR_id_181_Medical_tr_2499_1st_6508;UCR;9998;2499;50;3;0.005001000200040008;6508
483;484_UCR_id_182_Medical_tr_1875_1st_5759;UCR;7500;1875;160;3;0.021333333333333333;5759
484;485_UCR_id_183_Medical_tr_7516_1st_17390;UCR;30066;7516;130;3;0.004323820927293288;17390
485;486_UCR_id_184_Medical_tr_1875_1st_5607;UCR;7501;1875;27;3;0.0035995200639914677;5607
486;487_UCR_id_185_Medical_tr_49938_1st_191200;UCR;199753;49938;500;3;0.002503091317777455;191200
487;488_UCR_id_186_Medical_tr_7500_1st_16000;UCR;30000;7500;100;3;0.0033333333333333335;16000
488;489_UCR_id_187_Medical_tr_1875_1st_4485;UCR;7500;1875;102;3;0.0136;4485
489;490_UCR_id_188_Medical_tr_14750_1st_47530;UCR;59000;14750;260;3;0.004406779661016949;47530
490;491_UCR_id_189_Facility_tr_32372_1st_114000;UCR;129489;32372;370;3;0.002857385569430608;114000
491;492_UCR_id_190_HumanActivity_tr_12500_1st_46500;UCR;50000;12500;300;3;0.006;46500
492;493_UCR_id_191_Sensor_tr_2847_1st_9330;UCR;11388;2847;10;3;0.0008781173164734809;9330
493;494_UCR_id_192_Facility_tr_22500_1st_72150;UCR;90000;22500;345;3;0.003833333333333333;72150
494;495_UCR_id_193_Environment_tr_2046_1st_6520;UCR;8184;2046;24;3;0.002932551319648094;6520
495;496_UCR_id_194_Environment_tr_2046_1st_5391;UCR;8184;2046;1;3;0.00012218963831867058;5391
496;497_UCR_id_195_Facility_tr_32372_1st_114000;UCR;129489;32372;370;3;0.002857385569430608;114000
497;498_UCR_id_196_Medical_tr_15000_1st_51370;UCR;60000;15000;370;3;0.006166666666666667;51370
498;499_UCR_id_197_Environment_tr_2046_1st_5703;UCR;8184;2046;24;3;0.002932551319648094;5703
499;500_UCR_id_198_Facility_tr_7482_1st_23357;UCR;29931;7482;360;3;0.012027663626340583;23357
500;501_UCR_id_199_Facility_tr_7482_1st_29480;UCR;29931;7482;24;3;0.0008018442417560389;29480
501;502_UCR_id_200_Medical_tr_7487_1st_16390;UCR;29950;7487;30;3;0.001001669449081803;16390
502;503_UCR_id_201_Facility_tr_50000_1st_593450;UCR;897667;50000;64;3;7.129592599482882e-05;593450
503;504_UCR_id_202_Environment_tr_2046_1st_5549;UCR;8184;2046;48;3;0.005865102639296188;5549
504;505_UCR_id_203_HumanActivity_tr_16000_1st_33070;UCR;64000;16000;110;3;0.00171875;33070
505;506_UCR_id_204_Environment_tr_2046_1st_5549;UCR;8184;2046;48;3;0.005865102639296188;5549
506;507_UCR_id_205_HumanActivity_tr_16000_1st_31200;UCR;64000;16000;650;3;0.01015625;31200
507;508_UCR_id_206_Medical_tr_9567_1st_16000;UCR;38269;9567;100;3;0.0026130810839060338;16000
508;509_UCR_id_207_Medical_tr_1875_1st_6599;UCR;7501;1875;82;3;0.010931875749900012;6599
509;510_UCR_id_208_Facility_tr_50000_1st_126920;UCR;300000;50000;450;3;0.0015;126920
510;511_UCR_id_209_Medical_tr_7500_1st_11800;UCR;30000;7500;300;3;0.01;11800
511;512_UCR_id_210_HumanActivity_tr_1671_1st_2764;UCR;6684;1671;231;3;0.034560143626570915;2764
512;513_UCR_id_211_Medical_tr_9967_1st_26929;UCR;39870;9967;60;3;0.0015048908954100827;26929
513;514_UCR_id_212_Medical_tr_2499_1st_6508;UCR;9998;2499;50;3;0.005001000200040008;6508
514;515_UCR_id_213_Medical_tr_10499_1st_15000;UCR;41999;10499;70;3;0.001666706350151194;15000
515;516_UCR_id_214_HumanActivity_tr_2108_1st_4702;UCR;8432;2108;5;3;0.0005929791271347248;4702
516;517_UCR_id_215_Facility_tr_7482_1st_24005;UCR;29931;7482;72;3;0.0024055327252681166;24005
517;518_UCR_id_216_Medical_tr_9625_1st_20950;UCR;38501;9625;150;3;0.0038960027012285396;20950
518;519_UCR_id_217_Medical_tr_7516_1st_17390;UCR;30066;7516;130;3;0.004323820927293288;17390
519;520_UCR_id_218_Medical_tr_9567_1st_16000;UCR;38269;9567;100;3;0.0026130810839060338;16000
520;521_UCR_id_219_Facility_tr_3000_1st_6527;UCR;12000;3000;118;3;0.009833333333333333;6527
521;522_UCR_id_220_Medical_tr_10217_1st_27929;UCR;40870;10217;60;3;0.0014680694886224615;27929
522;523_UCR_id_221_Facility_tr_3000_1st_6527;UCR;12000;3000;118;3;0.009833333333333333;6527
523;524_UCR_id_222_Medical_tr_1875_1st_5865;UCR;7501;1875;109;3;0.014531395813891481;5865
524;525_UCR_id_223_Facility_tr_50000_1st_250720;UCR;299790;50000;650;3;0.002168184395743687;250720
525;526_UCR_id_224_Sensor_tr_2827_1st_4711;UCR;11308;2827;98;3;0.008666430845419171;4711
526;527_UCR_id_225_Medical_tr_3000_1st_5948;UCR;12000;3000;45;3;0.00375;5948
527;528_UCR_id_226_Medical_tr_7500_1st_17000;UCR;30000;7500;100;3;0.0033333333333333335;17000
528;529_UCR_id_227_Facility_tr_19948_1st_52000;UCR;79795;19948;620;3;0.007769910395388182;52000
529;530_UCR_id_228_HumanActivity_tr_16250_1st_38500;UCR;65000;16250;300;3;0.004615384615384616;38500
530;531_SMAP_id_1_Sensor_tr_1811_1st_4510;SMAP;7244;1811;81;3;0.011181667586968525;4510
531;532_SMAP_id_2_Sensor_tr_2075_1st_5550;SMAP;8302;2075;351;3;0.04227896892315105;5550
532;533_SMAP_id_3_Sensor_tr_2052_1st_5300;SMAP;8209;2052;1121;3;0.13655743695943476;5300
533;534_SMAP_id_4_Sensor_tr_1968_1st_4370;SMAP;7874;1968;51;3;0.006477012954025908;4370
534;535_SMAP_id_5_Sensor_tr_1113_1st_1890;SMAP;4453;1113;41;3;0.009207275993712105;1890
535;536_SMAP_id_6_Sensor_tr_2160_1st_5600;SMAP;8640;2160;101;3;0.011689814814814814;5600
536;537_SMAP_id_7_Sensor_tr_2077_1st_5394;SMAP;8310;2077;281;3;0.03381468110709988;5394
537;538_SMAP_id_8_Sensor_tr_2007_1st_3650;SMAP;8029;2007;268;7;0.033379001120936606;3650
538;539_SMAP_id_9_Sensor_tr_1857_1st_4270;SMAP;7431;1857;61;3;0.008208854797470059;4270
539;540_SMAP_id_10_Sensor_tr_2051_1st_4575;SMAP;8205;2051;186;3;0.0226691042047532;4575
540;541_SMAP_id_11_Sensor_tr_1832_1st_5300;SMAP;7331;1832;448;3;0.06111035329422998;5300
541;542_SMAP_id_12_Sensor_tr_1908_1st_4690;SMAP;7632;1908;31;3;0.004061844863731656;4690
542;543_SMAP_id_13_Sensor_tr_2020_1st_4550;SMAP;8080;2020;111;3;0.013737623762376238;4550
543;544_SMAP_id_14_Sensor_tr_1978_1st_4450;SMAP;7914;1978;111;3;0.014025777103866566;4450
544;545_SMAP_id_15_Sensor_tr_1173_1st_2750;SMAP;4693;1173;51;3;0.010867249094395908;2750
545;546_SMAP_id_16_Sensor_tr_2117_1st_4770;SMAP;8469;2117;121;3;0.014287401109930334;4770
546;547_SMAP_id_17_Sensor_tr_2133_1st_5400;SMAP;8532;2133;623;3;0.07301922175339896;5400
547;548_SMAP_id_18_Sensor_tr_2094_1st_5600;SMAP;8376;2094;41;3;0.004894937917860554;5600
548;549_SMAP_id_19_Sensor_tr_1998_1st_2098;SMAP;8579;1998;184;5;0.021447721179624665;2098
549;550_SWaT_id_1_Sensor_tr_43700_1st_43800;SWaT;419919;43700;50653;55;0.12062564446952864;43800
550;551_YAHOO_id_1_Synthetic_tr_500_1st_893;YAHOO;1421;500;1;3;0.0007037297677691766;893
551;552_YAHOO_id_2_Synthetic_tr_500_1st_893;YAHOO;1421;500;1;3;0.0007037297677691766;893
552;553_YAHOO_id_3_WebService_tr_500_1st_237;YAHOO;1680;500;4;9;0.002380952380952381;237
553;554_YAHOO_id_4_Synthetic_tr_500_1st_658;YAHOO;1421;500;4;5;0.0028149190710767065;658
554;555_YAHOO_id_5_WebService_tr_500_1st_730;YAHOO;1680;500;4;9;0.002380952380952381;730
555;556_YAHOO_id_6_WebService_tr_500_1st_359;YAHOO;1441;500;82;9;0.05690492713393477;359
556;557_YAHOO_id_7_WebService_tr_500_1st_770;YAHOO;1424;500;227;6;0.15941011235955055;770
557;558_YAHOO_id_8_WebService_tr_500_1st_1125;YAHOO;1427;500;80;5;0.05606166783461808;1125
558;559_YAHOO_id_9_WebService_tr_500_1st_538;YAHOO;1680;500;2;5;0.0011904761904761906;538
559;560_YAHOO_id_10_Synthetic_tr_500_1st_893;YAHOO;1421;500;1;3;0.0007037297677691766;893
560;561_YAHOO_id_11_WebService_tr_500_1st_359;YAHOO;1680;500;2;5;0.0011904761904761906;359
561;562_YAHOO_id_12_Synthetic_tr_500_1st_893;YAHOO;1421;500;1;3;0.0007037297677691766;893
562;563_YAHOO_id_13_Synthetic_tr_500_1st_623;YAHOO;1421;500;9;7;0.0063335679099225895;623
563;564_YAHOO_id_14_Synthetic_tr_500_1st_658;YAHOO;1421;500;4;5;0.0028149190710767065;658
564;565_YAHOO_id_15_WebService_tr_500_1st_151;YAHOO;1680;500;3;7;0.0017857142857142857;151
565;566_YAHOO_id_16_Synthetic_tr_500_1st_623;YAHOO;1421;500;9;7;0.0063335679099225895;623
566;567_YAHOO_id_17_Synthetic_tr_500_1st_893;YAHOO;1421;500;1;3;0.0007037297677691766;893
567;568_YAHOO_id_18_WebService_tr_500_1st_333;YAHOO;1680;500;3;7;0.0017857142857142857;333
568;569_YAHOO_id_19_WebService_tr_500_1st_30;YAHOO;1680;500;8;17;0.004761904761904762;30
569;570_YAHOO_id_20_Synthetic_tr_500_1st_658;YAHOO;1421;500;4;5;0.0028149190710767065;658
570;571_YAHOO_id_21_Synthetic_tr_500_1st_623;YAHOO;1421;500;9;7;0.0063335679099225895;623
571;572_YAHOO_id_22_WebService_tr_500_1st_377;YAHOO;1680;500;13;27;0.007738095238095238;377
572;573_YAHOO_id_23_Synthetic_tr_500_1st_623;YAHOO;1421;500;9;7;0.0063335679099225895;623
573;574_YAHOO_id_24_WebService_tr_500_1st_202;YAHOO;1680;500;1;3;0.0005952380952380953;202
574;575_YAHOO_id_25_Synthetic_tr_500_1st_623;YAHOO;1421;500;9;7;0.0063335679099225895;623
575;576_YAHOO_id_26_Synthetic_tr_500_1st_658;YAHOO;1421;500;4;5;0.0028149190710767065;658
576;577_YAHOO_id_27_WebService_tr_500_1st_498;YAHOO;1680;500;5;11;0.002976190476190476;498
577;578_YAHOO_id_28_Synthetic_tr_500_1st_623;YAHOO;1421;500;9;7;0.0063335679099225895;623
578;579_YAHOO_id_29_WebService_tr_500_1st_1342;YAHOO;1680;500;1;3;0.0005952380952380953;1342
579;580_YAHOO_id_30_WebService_tr_500_1st_236;YAHOO;1680;500;2;5;0.0011904761904761906;236
580;581_YAHOO_id_31_Synthetic_tr_500_1st_893;YAHOO;1421;500;1;3;0.0007037297677691766;893
581;582_YAHOO_id_32_Synthetic_tr_500_1st_658;YAHOO;1421;500;4;5;0.0028149190710767065;658
582;583_YAHOO_id_33_WebService_tr_500_1st_1616;YAHOO;1680;500;1;3;0.0005952380952380953;1616
583;584_YAHOO_id_34_Synthetic_tr_500_1st_658;YAHOO;1421;500;4;5;0.0028149190710767065;658
584;585_YAHOO_id_35_WebService_tr_500_1st_577;YAHOO;1680;500;3;7;0.0017857142857142857;577
585;586_YAHOO_id_36_WebService_tr_500_1st_398;YAHOO;1680;500;1;3;0.0005952380952380953;398
586;587_YAHOO_id_37_Synthetic_tr_500_1st_623;YAHOO;1421;500;9;7;0.0063335679099225895;623
587;588_YAHOO_id_38_Synthetic_tr_500_1st_658;YAHOO;1421;500;4;5;0.0028149190710767065;658
588;589_YAHOO_id_39_WebService_tr_500_1st_10;YAHOO;1680;500;14;29;0.008333333333333333;10
589;590_YAHOO_id_40_Synthetic_tr_500_1st_658;YAHOO;1421;500;4;5;0.0028149190710767065;658
590;591_YAHOO_id_41_WebService_tr_500_1st_139;YAHOO;1680;500;12;25;0.007142857142857143;139
591;592_YAHOO_id_42_WebService_tr_500_1st_28;YAHOO;1680;500;4;9;0.002380952380952381;28
592;593_YAHOO_id_43_WebService_tr_500_1st_75;YAHOO;1680;500;7;15;0.004166666666666667;75
593;594_YAHOO_id_44_WebService_tr_500_1st_599;YAHOO;1427;500;4;7;0.002803083391730904;599
594;595_YAHOO_id_45_WebService_tr_500_1st_248;YAHOO;1680;500;6;13;0.0035714285714285713;248
595;596_YAHOO_id_46_WebService_tr_500_1st_666;YAHOO;1680;500;4;9;0.002380952380952381;666
596;597_YAHOO_id_47_Synthetic_tr_500_1st_623;YAHOO;1421;500;9;7;0.0063335679099225895;623
597;598_YAHOO_id_48_Synthetic_tr_500_1st_658;YAHOO;1421;500;4;5;0.0028149190710767065;658
598;599_YAHOO_id_49_WebService_tr_500_1st_653;YAHOO;1461;500;8;9;0.0054757015742642025;653
599;600_YAHOO_id_50_Synthetic_tr_500_1st_658;YAHOO;1421;500;4;5;0.0028149190710767065;658
600;601_YAHOO_id_51_Synthetic_tr_500_1st_893;YAHOO;1421;500;1;3;0.0007037297677691766;893
601;602_YAHOO_id_52_WebService_tr_500_1st_595;YAHOO;1680;500;4;9;0.002380952380952381;595
602;603_YAHOO_id_53_Synthetic_tr_500_1st_893;YAHOO;1421;500;1;3;0.0007037297677691766;893
603;604_YAHOO_id_54_WebService_tr_500_1st_116;YAHOO;1680;500;10;19;0.005952380952380952;116
604;605_YAHOO_id_55_Synthetic_tr_500_1st_893;YAHOO;1421;500;1;3;0.0007037297677691766;893
605;606_YAHOO_id_56_Synthetic_tr_500_1st_623;YAHOO;1421;500;9;7;0.0063335679099225895;623
606;607_YAHOO_id_57_WebService_tr_500_1st_426;YAHOO;1680;500;13;25;0.007738095238095238;426
607;608_YAHOO_id_58_WebService_tr_500_1st_72;YAHOO;1680;500;14;29;0.008333333333333333;72
608;609_YAHOO_id_59_WebService_tr_500_1st_17;YAHOO;1680;500;12;25;0.007142857142857143;17
609;610_YAHOO_id_60_WebService_tr_500_1st_878;YAHOO;1680;500;1;3;0.0005952380952380953;878
610;611_YAHOO_id_61_Synthetic_tr_500_1st_623;YAHOO;1421;500;9;7;0.0063335679099225895;623
611;612_YAHOO_id_62_WebService_tr_500_1st_97;YAHOO;1680;500;16;33;0.009523809523809525;97
612;613_YAHOO_id_63_Synthetic_tr_500_1st_623;YAHOO;1421;500;9;7;0.0063335679099225895;623
613;614_YAHOO_id_64_WebService_tr_500_1st_1204;YAHOO;1434;500;34;5;0.023709902370990237;1204
614;615_YAHOO_id_65_WebService_tr_500_1st_348;YAHOO;1439;500;2;3;0.001389854065323141;348
615;616_YAHOO_id_66_Synthetic_tr_500_1st_623;YAHOO;1421;500;9;7;0.0063335679099225895;623
616;617_YAHOO_id_67_Synthetic_tr_500_1st_893;YAHOO;1421;500;1;3;0.0007037297677691766;893
617;618_YAHOO_id_68_Synthetic_tr_500_1st_893;YAHOO;1421;500;1;3;0.0007037297677691766;893
618;619_YAHOO_id_69_WebService_tr_500_1st_8;YAHOO;1680;500;8;17;0.004761904761904762;8
619;620_YAHOO_id_70_Synthetic_tr_500_1st_658;YAHOO;1421;500;4;5;0.0028149190710767065;658
620;621_YAHOO_id_71_WebService_tr_500_1st_721;YAHOO;1680;500;2;5;0.0011904761904761906;721
621;622_YAHOO_id_72_WebService_tr_500_1st_421;YAHOO;1461;500;5;5;0.0034223134839151265;421
622;623_YAHOO_id_73_WebService_tr_500_1st_117;YAHOO;1680;500;15;31;0.008928571428571428;117
623;624_YAHOO_id_74_Synthetic_tr_500_1st_893;YAHOO;1421;500;1;3;0.0007037297677691766;893
624;625_YAHOO_id_75_Synthetic_tr_500_1st_658;YAHOO;1421;500;4;5;0.0028149190710767065;658
625;626_YAHOO_id_76_WebService_tr_500_1st_883;YAHOO;1420;500;10;7;0.007042253521126761;883
626;627_YAHOO_id_77_Synthetic_tr_500_1st_623;YAHOO;1421;500;9;7;0.0063335679099225895;623
627;628_YAHOO_id_78_WebService_tr_500_1st_147;YAHOO;1680;500;11;23;0.006547619047619048;147
628;629_YAHOO_id_79_WebService_tr_500_1st_222;YAHOO;1680;500;12;25;0.007142857142857143;222
629;630_YAHOO_id_80_WebService_tr_500_1st_631;YAHOO;1680;500;5;11;0.002976190476190476;631
630;631_YAHOO_id_81_WebService_tr_500_1st_96;YAHOO;1680;500;8;17;0.004761904761904762;96
631;632_YAHOO_id_82_Synthetic_tr_500_1st_658;YAHOO;1421;500;4;5;0.0028149190710767065;658
632;633_YAHOO_id_83_WebService_tr_500_1st_223;YAHOO;1680;500;5;11;0.002976190476190476;223
633;634_YAHOO_id_84_Synthetic_tr_500_1st_658;YAHOO;1421;500;4;5;0.0028149190710767065;658
634;635_YAHOO_id_85_Synthetic_tr_500_1st_658;YAHOO;1421;500;4;5;0.0028149190710767065;658
635;636_YAHOO_id_86_WebService_tr_500_1st_20;YAHOO;1680;500;9;19;0.005357142857142857;20
636;637_YAHOO_id_87_WebService_tr_500_1st_338;YAHOO;1680;500;7;15;0.004166666666666667;338
637;638_YAHOO_id_88_Synthetic_tr_500_1st_893;YAHOO;1421;500;1;3;0.0007037297677691766;893
638;639_YAHOO_id_89_Synthetic_tr_500_1st_893;YAHOO;1421;500;1;3;0.0007037297677691766;893
639;640_YAHOO_id_90_WebService_tr_500_1st_18;YAHOO;1680;500;16;33;0.009523809523809525;18
640;641_YAHOO_id_91_WebService_tr_500_1st_149;YAHOO;1680;500;10;21;0.005952380952380952;149
641;642_YAHOO_id_92_WebService_tr_500_1st_433;YAHOO;1680;500;5;11;0.002976190476190476;433
642;643_YAHOO_id_93_WebService_tr_500_1st_1038;YAHOO;1680;500;1;3;0.0005952380952380953;1038
643;644_YAHOO_id_94_WebService_tr_500_1st_1078;YAHOO;1435;500;75;11;0.05226480836236934;1078
644;645_YAHOO_id_95_WebService_tr_500_1st_1047;YAHOO;1680;500;1;3;0.0005952380952380953;1047
645;646_YAHOO_id_96_WebService_tr_500_1st_121;YAHOO;1680;500;9;19;0.005357142857142857;121
646;647_YAHOO_id_97_Synthetic_tr_500_1st_658;YAHOO;1421;500;4;5;0.0028149190710767065;658
647;648_YAHOO_id_98_WebService_tr_500_1st_731;YAHOO;1680;500;2;5;0.0011904761904761906;731
648;649_YAHOO_id_99_WebService_tr_500_1st_1386;YAHOO;1680;500;1;3;0.0005952380952380953;1386
649;650_YAHOO_id_100_Synthetic_tr_500_1st_623;YAHOO;1421;500;9;7;0.0063335679099225895;623
650;651_YAHOO_id_101_WebService_tr_500_1st_103;YAHOO;1680;500;6;13;0.0035714285714285713;103
651;652_YAHOO_id_102_WebService_tr_500_1st_174;YAHOO;1680;500;14;29;0.008333333333333333;174
652;653_YAHOO_id_103_WebService_tr_500_1st_443;YAHOO;1680;500;3;7;0.0017857142857142857;443
653;654_YAHOO_id_104_WebService_tr_500_1st_20;YAHOO;1680;500;10;21;0.005952380952380952;20
654;655_YAHOO_id_105_WebService_tr_500_1st_17;YAHOO;1680;500;14;27;0.008333333333333333;17
655;656_YAHOO_id_106_Synthetic_tr_500_1st_658;YAHOO;1421;500;4;5;0.0028149190710767065;658
656;657_YAHOO_id_107_WebService_tr_500_1st_1260;YAHOO;1440;500;1;3;0.0006944444444444445;1260
657;658_YAHOO_id_108_Synthetic_tr_500_1st_893;YAHOO;1421;500;1;3;0.0007037297677691766;893
658;659_YAHOO_id_109_Synthetic_tr_500_1st_623;YAHOO;1421;500;9;7;0.0063335679099225895;623
659;660_YAHOO_id_110_WebService_tr_500_1st_307;YAHOO;1680;500;4;9;0.002380952380952381;307
660;661_YAHOO_id_111_WebService_tr_500_1st_279;YAHOO;1680;500;9;19;0.005357142857142857;279
661;662_YAHOO_id_112_WebService_tr_500_1st_361;YAHOO;1680;500;7;15;0.004166666666666667;361
662;663_YAHOO_id_113_Synthetic_tr_500_1st_658;YAHOO;1421;500;4;5;0.0028149190710767065;658
663;664_YAHOO_id_114_Synthetic_tr_500_1st_658;YAHOO;1421;500;4;5;0.0028149190710767065;658
664;665_YAHOO_id_115_WebService_tr_500_1st_28;YAHOO;1680;500;15;31;0.008928571428571428;28
665;666_YAHOO_id_116_Synthetic_tr_500_1st_893;YAHOO;1421;500;1;3;0.0007037297677691766;893
666;667_YAHOO_id_117_WebService_tr_500_1st_421;YAHOO;1461;500;3;3;0.002053388090349076;421
667;668_YAHOO_id_118_WebService_tr_500_1st_112;YAHOO;1680;500;12;25;0.007142857142857143;112
668;669_YAHOO_id_119_WebService_tr_500_1st_21;YAHOO;1680;500;11;23;0.006547619047619048;21
669;670_YAHOO_id_120_WebService_tr_500_1st_221;YAHOO;1680;500;15;31;0.008928571428571428;221
670;671_YAHOO_id_121_Synthetic_tr_500_1st_658;YAHOO;1421;500;4;5;0.0028149190710767065;658
671;672_YAHOO_id_122_WebService_tr_500_1st_857;YAHOO;1680;500;1;3;0.0005952380952380953;857
672;673_YAHOO_id_123_Synthetic_tr_500_1st_893;YAHOO;1421;500;1;3;0.0007037297677691766;893
673;674_YAHOO_id_124_WebService_tr_500_1st_514;YAHOO;1439;500;2;3;0.001389854065323141;514
674;675_YAHOO_id_125_Synthetic_tr_500_1st_623;YAHOO;1421;500;9;7;0.0063335679099225895;623
675;676_YAHOO_id_126_Synthetic_tr_500_1st_623;YAHOO;1421;500;9;7;0.0063335679099225895;623
676;677_YAHOO_id_127_WebService_tr_500_1st_46;YAHOO;1680;500;13;27;0.007738095238095238;46
677;678_YAHOO_id_128_WebService_tr_500_1st_665;YAHOO;1680;500;3;7;0.0017857142857142857;665
678;679_YAHOO_id_129_WebService_tr_500_1st_428;YAHOO;1680;500;3;7;0.0017857142857142857;428
679;680_YAHOO_id_130_Synthetic_tr_500_1st_893;YAHOO;1421;500;1;3;0.0007037297677691766;893
680;681_YAHOO_id_131_Synthetic_tr_500_1st_658;YAHOO;1421;500;4;5;0.0028149190710767065;658
681;682_YAHOO_id_132_WebService_tr_500_1st_354;YAHOO;1680;500;10;19;0.005952380952380952;354
682;683_YAHOO_id_133_WebService_tr_500_1st_36;YAHOO;1680;500;14;29;0.008333333333333333;36
683;684_YAHOO_id_134_Synthetic_tr_500_1st_623;YAHOO;1421;500;9;7;0.0063335679099225895;623
684;685_YAHOO_id_135_WebService_tr_500_1st_121;YAHOO;1680;500;16;33;0.009523809523809525;121
685;686_YAHOO_id_136_WebService_tr_500_1st_755;YAHOO;1680;500;5;11;0.002976190476190476;755
686;687_YAHOO_id_137_WebService_tr_500_1st_89;YAHOO;1680;500;15;31;0.008928571428571428;89
687;688_YAHOO_id_138_WebService_tr_500_1st_482;YAHOO;1680;500;3;7;0.0017857142857142857;482
688;689_YAHOO_id_139_WebService_tr_500_1st_1073;YAHOO;1680;500;1;3;0.0005952380952380953;1073
689;690_YAHOO_id_140_WebService_tr_500_1st_696;YAHOO;1680;500;7;15;0.004166666666666667;696
690;691_YAHOO_id_141_WebService_tr_500_1st_57;YAHOO;1680;500;16;33;0.009523809523809525;57
691;692_YAHOO_id_142_WebService_tr_500_1st_294;YAHOO;1680;500;13;27;0.007738095238095238;294
692;693_YAHOO_id_143_WebService_tr_500_1st_1003;YAHOO;1427;500;2;5;0.001401541695865452;1003
693;694_YAHOO_id_144_Synthetic_tr_500_1st_658;YAHOO;1421;500;4;5;0.0028149190710767065;658
694;695_YAHOO_id_145_Synthetic_tr_500_1st_658;YAHOO;1421;500;4;5;0.0028149190710767065;658
695;696_YAHOO_id_146_Synthetic_tr_500_1st_893;YAHOO;1421;500;1;3;0.0007037297677691766;893
696;697_YAHOO_id_147_WebService_tr_500_1st_225;YAHOO;1680;500;12;25;0.007142857142857143;225
697;698_YAHOO_id_148_WebService_tr_500_1st_186;YAHOO;1680;500;13;27;0.007738095238095238;186
698;699_YAHOO_id_149_WebService_tr_500_1st_99;YAHOO;1680;500;2;5;0.0011904761904761906;99
699;700_YAHOO_id_150_WebService_tr_500_1st_82;YAHOO;1680;500;15;31;0.008928571428571428;82
700;701_YAHOO_id_151_Synthetic_tr_500_1st_893;YAHOO;1421;500;1;3;0.0007037297677691766;893
701;702_YAHOO_id_152_WebService_tr_500_1st_8;YAHOO;1680;500;15;31;0.008928571428571428;8
702;703_YAHOO_id_153_Synthetic_tr_500_1st_623;YAHOO;1421;500;9;7;0.0063335679099225895;623
703;704_YAHOO_id_154_WebService_tr_500_1st_541;YAHOO;1422;500;33;7;0.023206751054852322;541
704;705_YAHOO_id_155_WebService_tr_500_1st_1279;YAHOO;1420;500;6;5;0.004225352112676056;1279
705;706_YAHOO_id_156_WebService_tr_500_1st_201;YAHOO;1680;500;16;33;0.009523809523809525;201
706;707_YAHOO_id_157_WebService_tr_500_1st_137;YAHOO;1680;500;15;31;0.008928571428571428;137
707;708_YAHOO_id_158_WebService_tr_500_1st_165;YAHOO;1680;500;3;7;0.0017857142857142857;165
708;709_YAHOO_id_159_WebService_tr_500_1st_481;YAHOO;1680;500;3;7;0.0017857142857142857;481
709;710_YAHOO_id_160_WebService_tr_500_1st_253;YAHOO;1680;500;6;13;0.0035714285714285713;253
710;711_YAHOO_id_161_WebService_tr_500_1st_137;YAHOO;1680;500;5;11;0.002976190476190476;137
711;712_YAHOO_id_162_WebService_tr_500_1st_88;YAHOO;1680;500;8;17;0.004761904761904762;88
712;713_YAHOO_id_163_WebService_tr_500_1st_66;YAHOO;1680;500;10;21;0.005952380952380952;66
713;714_YAHOO_id_164_WebService_tr_500_1st_1;YAHOO;1680;500;10;21;0.005952380952380952;1
714;715_YAHOO_id_165_Synthetic_tr_500_1st_658;YAHOO;1421;500;4;5;0.0028149190710767065;658
715;716_YAHOO_id_166_WebService_tr_500_1st_540;YAHOO;1680;500;4;9;0.002380952380952381;540
716;717_YAHOO_id_167_WebService_tr_500_1st_84;YAHOO;1680;500;7;15;0.004166666666666667;84
717;718_YAHOO_id_168_WebService_tr_500_1st_263;YAHOO;1680;500;13;27;0.007738095238095238;263
718;719_YAHOO_id_169_WebService_tr_500_1st_852;YAHOO;1680;500;6;13;0.0035714285714285713;852
719;720_YAHOO_id_170_WebService_tr_500_1st_3;YAHOO;1680;500;16;33;0.009523809523809525;3
720;721_YAHOO_id_171_Synthetic_tr_500_1st_893;YAHOO;1421;500;1;3;0.0007037297677691766;893
721;722_YAHOO_id_172_WebService_tr_500_1st_353;YAHOO;1461;500;17;8;0.01163586584531143;353
722;723_YAHOO_id_173_WebService_tr_500_1st_1214;YAHOO;1420;500;2;5;0.0014084507042253522;1214
723;724_YAHOO_id_174_WebService_tr_500_1st_1030;YAHOO;1680;500;5;11;0.002976190476190476;1030
724;725_YAHOO_id_175_Synthetic_tr_500_1st_623;YAHOO;1421;500;9;7;0.0063335679099225895;623
725;726_YAHOO_id_176_WebService_tr_500_1st_221;YAHOO;1680;500;15;31;0.008928571428571428;221
726;727_YAHOO_id_177_WebService_tr_500_1st_82;YAHOO;1680;500;16;33;0.009523809523809525;82
727;728_YAHOO_id_178_WebService_tr_500_1st_68;YAHOO;1680;500;9;19;0.005357142857142857;68
728;729_YAHOO_id_179_WebService_tr_500_1st_559;YAHOO;1680;500;6;13;0.0035714285714285713;559
729;730_YAHOO_id_180_Synthetic_tr_500_1st_623;YAHOO;1421;500;9;7;0.0063335679099225895;623
730;731_YAHOO_id_181_Synthetic_tr_500_1st_623;YAHOO;1421;500;9;7;0.0063335679099225895;623
731;732_YAHOO_id_182_Synthetic_tr_500_1st_658;YAHOO;1421;500;4;5;0.0028149190710767065;658
732;733_YAHOO_id_183_WebService_tr_500_1st_447;YAHOO;1461;500;16;11;0.010951403148528405;447
733;734_YAHOO_id_184_WebService_tr_500_1st_768;YAHOO;1424;500;227;6;0.15941011235955055;768
734;735_YAHOO_id_185_WebService_tr_500_1st_20;YAHOO;1680;500;5;11;0.002976190476190476;20
735;736_YAHOO_id_186_Synthetic_tr_500_1st_623;YAHOO;1421;500;9;7;0.0063335679099225895;623
736;737_YAHOO_id_187_WebService_tr_500_1st_230;YAHOO;1680;500;6;13;0.0035714285714285713;230
737;738_YAHOO_id_188_WebService_tr_500_1st_26;YAHOO;1680;500;7;15;0.004166666666666667;26
738;739_YAHOO_id_189_Synthetic_tr_500_1st_893;YAHOO;1421;500;1;3;0.0007037297677691766;893
739;740_YAHOO_id_190_WebService_tr_500_1st_0;YAHOO;1680;500;11;22;0.006547619047619048;0
740;741_YAHOO_id_191_WebService_tr_500_1st_1114;YAHOO;1680;500;2;5;0.0011904761904761906;1114
741;742_YAHOO_id_192_Synthetic_tr_500_1st_658;YAHOO;1421;500;4;5;0.0028149190710767065;658
742;743_YAHOO_id_193_WebService_tr_500_1st_133;YAHOO;1680;500;13;27;0.007738095238095238;133
743;744_YAHOO_id_194_Synthetic_tr_500_1st_658;YAHOO;1421;500;4;5;0.0028149190710767065;658
744;745_YAHOO_id_195_WebService_tr_500_1st_326;YAHOO;1680;500;11;23;0.006547619047619048;326
745;746_YAHOO_id_196_WebService_tr_500_1st_413;YAHOO;1680;500;4;9;0.002380952380952381;413
746;747_YAHOO_id_197_Synthetic_tr_500_1st_893;YAHOO;1421;500;1;3;0.0007037297677691766;893
747;748_YAHOO_id_198_WebService_tr_500_1st_170;YAHOO;1680;500;3;7;0.0017857142857142857;170
748;749_YAHOO_id_199_WebService_tr_500_1st_136;YAHOO;1680;500;7;15;0.004166666666666667;136
749;750_YAHOO_id_200_WebService_tr_500_1st_591;YAHOO;1427;500;10;11;0.00700770847932726;591
750;751_YAHOO_id_201_WebService_tr_500_1st_142;YAHOO;1439;500;12;7;0.008339124391938846;142
751;752_YAHOO_id_202_WebService_tr_500_1st_95;YAHOO;1680;500;12;25;0.007142857142857143;95
752;753_YAHOO_id_203_WebService_tr_500_1st_6;YAHOO;1680;500;14;29;0.008333333333333333;6
753;754_YAHOO_id_204_WebService_tr_500_1st_28;YAHOO;1680;500;11;23;0.006547619047619048;28
754;755_YAHOO_id_205_Synthetic_tr_500_1st_893;YAHOO;1421;500;1;3;0.0007037297677691766;893
755;756_YAHOO_id_206_WebService_tr_500_1st_55;YAHOO;1680;500;12;25;0.007142857142857143;55
756;757_YAHOO_id_207_WebService_tr_500_1st_33;YAHOO;1680;500;5;11;0.002976190476190476;33
757;758_YAHOO_id_208_WebService_tr_500_1st_24;YAHOO;1680;500;13;27;0.007738095238095238;24
758;759_YAHOO_id_209_WebService_tr_500_1st_189;YAHOO;1680;500;13;27;0.007738095238095238;189
759;760_YAHOO_id_210_WebService_tr_500_1st_23;YAHOO;1680;500;6;13;0.0035714285714285713;23
760;761_YAHOO_id_211_WebService_tr_500_1st_7;YAHOO;1680;500;14;29;0.008333333333333333;7
761;762_YAHOO_id_212_WebService_tr_500_1st_1055;YAHOO;1680;500;2;5;0.0011904761904761906;1055
762;763_YAHOO_id_213_WebService_tr_500_1st_43;YAHOO;1680;500;13;27;0.007738095238095238;43
763;764_YAHOO_id_214_WebService_tr_500_1st_599;YAHOO;1427;500;9;7;0.006306937631394534;599
764;765_YAHOO_id_215_WebService_tr_500_1st_92;YAHOO;1680;500;12;25;0.007142857142857143;92
765;766_YAHOO_id_216_WebService_tr_500_1st_114;YAHOO;1440;500;32;7;0.022222222222222223;114
766;767_YAHOO_id_217_Synthetic_tr_500_1st_658;YAHOO;1421;500;4;5;0.0028149190710767065;658
767;768_YAHOO_id_218_WebService_tr_500_1st_431;YAHOO;1680;500;16;33;0.009523809523809525;431
768;769_YAHOO_id_219_WebService_tr_500_1st_205;YAHOO;1680;500;9;19;0.005357142857142857;205
769;770_YAHOO_id_220_WebService_tr_500_1st_29;YAHOO;1680;500;9;19;0.005357142857142857;29
770;771_YAHOO_id_221_WebService_tr_500_1st_61;YAHOO;1680;500;16;33;0.009523809523809525;61
771;772_YAHOO_id_222_WebService_tr_500_1st_85;YAHOO;1680;500;12;25;0.007142857142857143;85
772;773_YAHOO_id_223_WebService_tr_500_1st_137;YAHOO;1680;500;15;31;0.008928571428571428;137
773;774_YAHOO_id_224_Synthetic_tr_500_1st_623;YAHOO;1421;500;9;7;0.0063335679099225895;623
774;775_YAHOO_id_225_Synthetic_tr_500_1st_658;YAHOO;1421;500;4;5;0.0028149190710767065;658
775;776_YAHOO_id_226_Synthetic_tr_500_1st_623;YAHOO;1421;500;9;7;0.0063335679099225895;623
776;777_YAHOO_id_227_Synthetic_tr_500_1st_623;YAHOO;1421;500;9;7;0.0063335679099225895;623
777;778_YAHOO_id_228_Synthetic_tr_500_1st_658;YAHOO;1421;500;4;5;0.0028149190710767065;658
778;779_YAHOO_id_229_WebService_tr_500_1st_25;YAHOO;1680;500;16;31;0.009523809523809525;25
779;780_YAHOO_id_230_Synthetic_tr_500_1st_893;YAHOO;1421;500;1;3;0.0007037297677691766;893
780;781_YAHOO_id_231_Synthetic_tr_500_1st_623;YAHOO;1421;500;9;7;0.0063335679099225895;623
781;782_YAHOO_id_232_Synthetic_tr_500_1st_623;YAHOO;1421;500;9;7;0.0063335679099225895;623
782;783_YAHOO_id_233_WebService_tr_500_1st_24;YAHOO;1680;500;13;27;0.007738095238095238;24
783;784_YAHOO_id_234_Synthetic_tr_500_1st_623;YAHOO;1421;500;9;7;0.0063335679099225895;623
784;785_YAHOO_id_235_Synthetic_tr_500_1st_658;YAHOO;1421;500;4;5;0.0028149190710767065;658
785;786_YAHOO_id_236_Synthetic_tr_500_1st_623;YAHOO;1421;500;9;7;0.0063335679099225895;623
786;787_YAHOO_id_237_Synthetic_tr_500_1st_623;YAHOO;1421;500;9;7;0.0063335679099225895;623
787;788_YAHOO_id_238_WebService_tr_500_1st_973;YAHOO;1680;500;1;3;0.0005952380952380953;973
788;789_YAHOO_id_239_WebService_tr_500_1st_421;YAHOO;1461;500;3;3;0.002053388090349076;421
789;790_YAHOO_id_240_WebService_tr_500_1st_119;YAHOO;1680;500;5;11;0.002976190476190476;119
790;791_YAHOO_id_241_WebService_tr_500_1st_593;YAHOO;1680;500;2;5;0.0011904761904761906;593
791;792_YAHOO_id_242_Synthetic_tr_500_1st_893;YAHOO;1421;500;1;3;0.0007037297677691766;893
792;793_YAHOO_id_243_WebService_tr_500_1st_28;YAHOO;1680;500;5;11;0.002976190476190476;28
793;794_YAHOO_id_244_Synthetic_tr_500_1st_658;YAHOO;1421;500;4;5;0.0028149190710767065;658
794;795_YAHOO_id_245_WebService_tr_500_1st_84;YAHOO;1680;500;10;21;0.005952380952380952;84
795;796_YAHOO_id_246_WebService_tr_500_1st_222;YAHOO;1680;500;5;11;0.002976190476190476;222
796;797_YAHOO_id_247_Synthetic_tr_500_1st_893;YAHOO;1421;500;1;3;0.0007037297677691766;893
797;798_YAHOO_id_248_WebService_tr_500_1st_105;YAHOO;1680;500;16;31;0.009523809523809525;105
798;799_YAHOO_id_249_WebService_tr_500_1st_852;YAHOO;1680;500;6;13;0.0035714285714285713;852
799;800_YAHOO_id_250_Synthetic_tr_500_1st_623;YAHOO;1421;500;9;7;0.0063335679099225895;623
800;801_YAHOO_id_251_WebService_tr_500_1st_190;YAHOO;1680;500;8;17;0.004761904761904762;190
801;802_YAHOO_id_252_WebService_tr_500_1st_63;YAHOO;1680;500;7;15;0.004166666666666667;63
802;803_YAHOO_id_253_WebService_tr_500_1st_58;YAHOO;1680;500;13;27;0.007738095238095238;58
803;804_YAHOO_id_254_WebService_tr_500_1st_420;YAHOO;1461;500;9;7;0.006160164271047228;420
804;805_YAHOO_id_255_WebService_tr_500_1st_95;YAHOO;1680;500;10;21;0.005952380952380952;95
805;806_YAHOO_id_256_Synthetic_tr_500_1st_893;YAHOO;1421;500;1;3;0.0007037297677691766;893
806;807_YAHOO_id_257_WebService_tr_500_1st_1210;YAHOO;1424;500;17;7;0.011938202247191011;1210
807;808_YAHOO_id_258_WebService_tr_500_1st_142;YAHOO;1439;500;10;7;0.006949270326615705;142
808;809_YAHOO_id_259_WebService_tr_500_1st_123;YAHOO;1680;500;11;23;0.006547619047619048;123
809;810_Exathlon_id_1_Facility_tr_10766_1st_12590;Exathlon;43066;10766;5437;6;0.12624808433567083;12590
810;811_Exathlon_id_2_Facility_tr_10766_1st_12590;Exathlon;43066;10766;5437;6;0.12624808433567083;12590
811;812_Exathlon_id_3_Facility_tr_10766_1st_12590;Exathlon;43066;10766;5437;6;0.12624808433567083;12590
812;813_Exathlon_id_4_Facility_tr_10766_1st_12590;Exathlon;43066;10766;5437;6;0.12624808433567083;12590
813;814_Exathlon_id_5_Facility_tr_10766_1st_12590;Exathlon;43066;10766;5437;6;0.12624808433567083;12590
814;815_Exathlon_id_6_Facility_tr_10766_1st_12590;Exathlon;43066;10766;5437;6;0.12624808433567083;12590
815;816_Exathlon_id_7_Facility_tr_10766_1st_12590;Exathlon;43066;10766;5437;6;0.12624808433567083;12590
816;817_Exathlon_id_8_Facility_tr_10766_1st_12590;Exathlon;43066;10766;5437;6;0.12624808433567083;12590
817;818_Exathlon_id_9_Facility_tr_11665_1st_13484;Exathlon;46660;11665;2928;7;0.06275182168881269;13484
818;819_Exathlon_id_10_Facility_tr_10766_1st_12590;Exathlon;43066;10766;5437;6;0.12624808433567083;12590
819;820_Exathlon_id_11_Facility_tr_11665_1st_13484;Exathlon;46660;11665;2928;7;0.06275182168881269;13484
820;821_Exathlon_id_12_Facility_tr_6985_1st_7085;Exathlon;46649;6985;4856;11;0.10409655083710262;7085
821;822_Exathlon_id_13_Facility_tr_10766_1st_12590;Exathlon;43066;10766;5437;6;0.12624808433567083;12590
822;823_Exathlon_id_14_Facility_tr_10766_1st_12590;Exathlon;43066;10766;5437;6;0.12624808433567083;12590
823;824_Exathlon_id_15_Facility_tr_10766_1st_12590;Exathlon;43066;10766;5437;6;0.12624808433567083;12590
824;825_Exathlon_id_16_Facility_tr_10766_1st_12590;Exathlon;43066;10766;5437;6;0.12624808433567083;12590
825;826_Exathlon_id_17_Facility_tr_11665_1st_13484;Exathlon;46660;11665;2928;7;0.06275182168881269;13484
826;827_Exathlon_id_18_Facility_tr_10766_1st_12590;Exathlon;43066;10766;5437;6;0.12624808433567083;12590
827;828_Exathlon_id_19_Facility_tr_11663_1st_13482;Exathlon;46655;11663;2948;7;0.06318722537777302;13482
828;829_Exathlon_id_20_Facility_tr_10766_1st_12590;Exathlon;43066;10766;5437;6;0.12624808433567083;12590
829;830_Exathlon_id_21_Facility_tr_10766_1st_12590;Exathlon;43066;10766;5437;6;0.12624808433567083;12590
830;831_Exathlon_id_22_Facility_tr_11665_1st_13484;Exathlon;46660;11665;2928;7;0.06275182168881269;13484
831;832_Exathlon_id_23_Facility_tr_10766_1st_12590;Exathlon;43066;10766;5437;6;0.12624808433567083;12590
832;833_Exathlon_id_24_Facility_tr_10766_1st_12590;Exathlon;43066;10766;5437;6;0.12624808433567083;12590
833;834_Exathlon_id_25_Facility_tr_11665_1st_13484;Exathlon;46660;11665;2928;7;0.06275182168881269;13484
834;835_Exathlon_id_26_Facility_tr_10766_1st_12590;Exathlon;43066;10766;5437;6;0.12624808433567083;12590
835;836_Exathlon_id_27_Facility_tr_10766_1st_12590;Exathlon;43066;10766;5437;6;0.12624808433567083;12590
836;837_Exathlon_id_28_Facility_tr_8898_1st_8998;Exathlon;46650;8898;3891;9;0.08340836012861737;8998
837;838_Exathlon_id_29_Facility_tr_10766_1st_12590;Exathlon;43066;10766;5437;6;0.12624808433567083;12590
838;839_Exathlon_id_30_Facility_tr_10766_1st_12590;Exathlon;43066;10766;5437;6;0.12624808433567083;12590
839;840_Exathlon_id_31_Facility_tr_10766_1st_12590;Exathlon;43066;10766;5437;6;0.12624808433567083;12590
840;841_Exathlon_id_32_Facility_tr_11663_1st_13482;Exathlon;46655;11663;2948;7;0.06318722537777302;13482
841;842_OPPORTUNITY_id_1_HumanActivity_tr_7295_1st_27516;OPPORTUNITY;29182;7295;330;3;0.011308340758001507;27516
842;843_OPPORTUNITY_id_2_HumanActivity_tr_808_1st_908;OPPORTUNITY;9057;808;1142;3;0.12609031688196976;908
843;844_OPPORTUNITY_id_3_HumanActivity_tr_500_1st_566;OPPORTUNITY;15653;500;967;5;0.06177729508720373;566
844;845_OPPORTUNITY_id_4_HumanActivity_tr_7295_1st_27516;OPPORTUNITY;29182;7295;330;3;0.011308340758001507;27516
845;846_OPPORTUNITY_id_5_HumanActivity_tr_2085_1st_2185;OPPORTUNITY;22194;2085;818;5;0.03685680814634586;2185
846;847_OPPORTUNITY_id_6_HumanActivity_tr_808_1st_908;OPPORTUNITY;9057;808;1142;3;0.12609031688196976;908
847;848_OPPORTUNITY_id_7_HumanActivity_tr_1477_1st_1577;OPPORTUNITY;18011;1477;396;5;0.021986563766587086;1577
848;849_OPPORTUNITY_id_8_HumanActivity_tr_1100_1st_1200;OPPORTUNITY;24892;1100;608;5;0.02442551823879158;1200
849;850_OPPORTUNITY_id_9_HumanActivity_tr_895_1st_995;OPPORTUNITY;14751;895;438;3;0.029692902176123654;995
850;851_OPPORTUNITY_id_10_HumanActivity_tr_6213_1st_7311;OPPORTUNITY;24852;6213;872;3;0.03508771929824561;7311
851;852_OPPORTUNITY_id_11_HumanActivity_tr_500_1st_566;OPPORTUNITY;15653;500;967;5;0.06177729508720373;566
852;853_OPPORTUNITY_id_12_HumanActivity_tr_808_1st_908;OPPORTUNITY;9057;808;1142;3;0.12609031688196976;908
853;854_OPPORTUNITY_id_13_HumanActivity_tr_1477_1st_1577;OPPORTUNITY;18011;1477;396;5;0.021986563766587086;1577
854;855_OPPORTUNITY_id_14_HumanActivity_tr_808_1st_908;OPPORTUNITY;9057;808;1142;3;0.12609031688196976;908
855;856_OPPORTUNITY_id_15_HumanActivity_tr_808_1st_908;OPPORTUNITY;9057;808;1142;3;0.12609031688196976;908
856;857_OPPORTUNITY_id_16_HumanActivity_tr_500_1st_566;OPPORTUNITY;15653;500;967;5;0.06177729508720373;566
857;858_OPPORTUNITY_id_17_HumanActivity_tr_808_1st_908;OPPORTUNITY;9057;808;1142;3;0.12609031688196976;908
858;859_OPPORTUNITY_id_18_HumanActivity_tr_895_1st_995;OPPORTUNITY;14751;895;438;3;0.029692902176123654;995
859;860_OPPORTUNITY_id_19_HumanActivity_tr_808_1st_908;OPPORTUNITY;9057;808;1142;3;0.12609031688196976;908
860;861_OPPORTUNITY_id_20_HumanActivity_tr_2085_1st_2185;OPPORTUNITY;22194;2085;818;5;0.03685680814634586;2185
861;862_OPPORTUNITY_id_21_HumanActivity_tr_500_1st_566;OPPORTUNITY;15653;500;967;5;0.06177729508720373;566
862;863_OPPORTUNITY_id_22_HumanActivity_tr_808_1st_908;OPPORTUNITY;9057;808;1142;3;0.12609031688196976;908
863;864_OPPORTUNITY_id_23_HumanActivity_tr_895_1st_995;OPPORTUNITY;14751;895;438;3;0.029692902176123654;995
864;865_OPPORTUNITY_id_24_HumanActivity_tr_2085_1st_2185;OPPORTUNITY;22194;2085;818;5;0.03685680814634586;2185
865;866_OPPORTUNITY_id_25_HumanActivity_tr_6213_1st_7311;OPPORTUNITY;24852;6213;872;3;0.03508771929824561;7311
866;867_OPPORTUNITY_id_26_HumanActivity_tr_808_1st_908;OPPORTUNITY;9057;808;1142;3;0.12609031688196976;908
867;868_OPPORTUNITY_id_27_HumanActivity_tr_2085_1st_2185;OPPORTUNITY;22194;2085;818;5;0.03685680814634586;2185
868;869_OPPORTUNITY_id_28_HumanActivity_tr_500_1st_566;OPPORTUNITY;15653;500;967;5;0.06177729508720373;566
869;870_OPPORTUNITY_id_29_HumanActivity_tr_1477_1st_1577;OPPORTUNITY;18011;1477;396;5;0.021986563766587086;1577
